[{"i":"110101","n":"东城区","a":"东城区","y":"DongChengQu","b":"DCQ","z":"100010"},{"i":"110102","n":"西城区","a":"西城区","y":"XiChengQu","b":"XCQ","z":"100032"},{"i":"110105","n":"朝阳区","a":"朝阳区","y":"ChaoYangQu","b":"CYQ","z":"100011"},{"i":"110106","n":"丰台区","a":"丰台区","y":"FengTaiQu","b":"FTQ","z":"100071"},{"i":"110107","n":"石景山区","a":"石景山区","y":"ShiJingShanQu","b":"SJSQ","z":"100071"},{"i":"110108","n":"海淀区","a":"海淀区","y":"HaiDianQu","b":"HDQ","z":"100091"},{"i":"110109","n":"门头沟区","a":"门头沟区","y":"MenTouGouQu","b":"MTGQ","z":"102300"},{"i":"110111","n":"房山区","a":"房山区","y":"FangShanQu","b":"FSQ","z":"102488"},{"i":"110112","n":"通州区","a":"通州区","y":"TongZhouQu","b":"TZQ","z":"101100"},{"i":"110113","n":"顺义区","a":"顺义区","y":"ShunYiQu","b":"SYQ","z":"101300"},{"i":"110114","n":"昌平区","a":"昌平区","y":"ChangPingQu","b":"CPQ","z":"102200"},{"i":"110115","n":"大兴区","a":"大兴区","y":"DaXingQu","b":"DXQ","z":"102600"},{"i":"110116","n":"怀柔区","a":"怀柔区","y":"HuaiRouQu","b":"HRQ","z":"101400"},{"i":"110117","n":"平谷区","a":"平谷区","y":"PingGuQu","b":"PGQ","z":"101200"},{"i":"110228","n":"密云县","a":"密云","y":"MiYun","b":"MY","z":"101500"},{"i":"110229","n":"延庆县","a":"延庆","y":"YanQing","b":"YQ","z":"102100"}]