[{"i":"120101","n":"和平区","a":"和平区","y":"HePingQu","b":"HPQ","z":"300041"},{"i":"120102","n":"河东区","a":"河东区","y":"HeDongQu","b":"HDQ","z":"300171"},{"i":"120103","n":"河西区","a":"河西区","y":"HeXiQu","b":"HXQ","z":"300202"},{"i":"120104","n":"南开区","a":"南开区","y":"NanKaiQu","b":"NKQ","z":"300100"},{"i":"120105","n":"河北区","a":"河北区","y":"HeBeiQu","b":"HBQ","z":"300143"},{"i":"120106","n":"红桥区","a":"红桥区","y":"HongQiaoQu","b":"HQQ","z":"300131"},{"i":"120110","n":"东丽区","a":"东丽区","y":"DongLiQu","b":"DLQ","z":"300300"},{"i":"120111","n":"西青区","a":"西青区","y":"XiQingQu","b":"XQQ","z":"300380"},{"i":"120112","n":"津南区","a":"津南区","y":"JinNanQu","b":"JNQ","z":"300350"},{"i":"120113","n":"北辰区","a":"北辰区","y":"BeiChenQu","b":"BCQ","z":"300400"},{"i":"120114","n":"武清区","a":"武清区","y":"WuQingQu","b":"WQQ","z":"301700"},{"i":"120115","n":"宝坻区","a":"宝坻区","y":"BaoChiQu","b":"BCQ","z":"301800"},{"i":"120116","n":"滨海新区","a":"滨海新区","y":"BinHaiXinQu","b":"BHXQ","z":"300457"},{"i":"120221","n":"宁河县","a":"宁河","y":"NingHe","b":"NH","z":"301500"},{"i":"120223","n":"静海县","a":"静海","y":"JingHai","b":"JH","z":"301600"},{"i":"120225","n":"蓟县","a":"蓟县","y":"JiXian","b":"JX","z":"301900"}]