[{"i":"130100","n":"石家庄市","a":"石家庄","y":"ShiJiaZhuang","b":"SJZ","z":"050000","c":[{"i":"130102","n":"长安区","a":"长安区","y":"ZhangAnQu","b":"ZAQ","z":"050011"},{"i":"130103","n":"桥东区","a":"桥东区","y":"QiaoDongQu","b":"QDQ","z":"050011"},{"i":"130104","n":"桥西区","a":"桥西区","y":"QiaoXiQu","b":"QXQ","z":"050051"},{"i":"130105","n":"新华区","a":"新华区","y":"XinHuaQu","b":"XHQ","z":"050051"},{"i":"130107","n":"井陉矿区","a":"井陉矿区","y":"JingXingKuangQu","b":"JXKQ","z":"050100"},{"i":"130108","n":"裕华区","a":"裕华区","y":"YuHuaQu","b":"YHQ","z":"050081"},{"i":"130121","n":"井陉县","a":"井陉","y":"JingXing","b":"JX","z":"050300"},{"i":"130123","n":"正定县","a":"正定","y":"ZhengDing","b":"ZD","z":"050800"},{"i":"130124","n":"栾城县","a":"栾城","y":"LuanCheng","b":"LC","z":"051430"},{"i":"130125","n":"行唐县","a":"行唐","y":"XingTang","b":"XT","z":"050600"},{"i":"130126","n":"灵寿县","a":"灵寿","y":"LingShou","b":"LS","z":"050500"},{"i":"130127","n":"高邑县","a":"高邑","y":"GaoYi","b":"GY","z":"051330"},{"i":"130128","n":"深泽县","a":"深泽","y":"ShenZe","b":"SZ","z":"052560"},{"i":"130129","n":"赞皇县","a":"赞皇","y":"ZanHuang","b":"ZH","z":"051230"},{"i":"130130","n":"无极县","a":"无极","y":"WuJi","b":"WJ","z":"052460"},{"i":"130131","n":"平山县","a":"平山","y":"PingShan","b":"PS","z":"050400"},{"i":"130132","n":"元氏县","a":"元氏","y":"YuanShi","b":"YS","z":"051130"},{"i":"130133","n":"赵县","a":"赵县","y":"ZhaoXian","b":"ZX","z":"051530"},{"i":"130181","n":"辛集市","a":"辛集","y":"XinJi","b":"XJ","z":"052360"},{"i":"130182","n":"藁城市","a":"藁城","y":"GaoCheng","b":"GC","z":"052160"},{"i":"130183","n":"晋州市","a":"晋州","y":"JinZhou","b":"JZ","z":"052260"},{"i":"130184","n":"新乐市","a":"新乐","y":"XinLe","b":"XL","z":"050700"},{"i":"130185","n":"鹿泉市","a":"鹿泉","y":"LuQuan","b":"LQ","z":"050200"}]},{"i":"130200","n":"唐山市","a":"唐山","y":"TangShan","b":"TS","z":"063000","c":[{"i":"130202","n":"路南区","a":"路南区","y":"LuNanQu","b":"LNQ","z":"063017"},{"i":"130203","n":"路北区","a":"路北区","y":"LuBeiQu","b":"LBQ","z":"063015"},{"i":"130204","n":"古冶区","a":"古冶区","y":"GuYeQu","b":"GYQ","z":"063104"},{"i":"130205","n":"开平区","a":"开平区","y":"KaiPingQu","b":"KPQ","z":"063021"},{"i":"130207","n":"丰南区","a":"丰南区","y":"FengNanQu","b":"FNQ","z":"063300"},{"i":"130208","n":"丰润区","a":"丰润区","y":"FengRunQu","b":"FRQ","z":"064000"},{"i":"130209","n":"曹妃甸区","a":"曹妃甸区","y":"CaoFeiDianQu","b":"CFDQ","z":""},{"i":"130223","n":"滦县","a":"滦县","y":"LuanXian","b":"LX","z":"063700"},{"i":"130224","n":"滦南县","a":"滦南","y":"LuanNan","b":"LN","z":"063500"},{"i":"130225","n":"乐亭县","a":"乐亭","y":"LeTing","b":"LT","z":"063600"},{"i":"130227","n":"迁西县","a":"迁西","y":"QianXi","b":"QX","z":"064300"},{"i":"130229","n":"玉田县","a":"玉田","y":"YuTian","b":"YT","z":"064100"},{"i":"130281","n":"遵化市","a":"遵化","y":"ZunHua","b":"ZH","z":"064200"},{"i":"130283","n":"迁安市","a":"迁安","y":"QianAn","b":"QA","z":"064400"}]},{"i":"130300","n":"秦皇岛市","a":"秦皇岛","y":"QinHuangDao","b":"QHD","z":"066000","c":[{"i":"130302","n":"海港区","a":"海港区","y":"HaiGangQu","b":"HGQ","z":"066000"},{"i":"130303","n":"山海关区","a":"山海关区","y":"ShanHaiGuanQu","b":"SHGQ","z":"066200"},{"i":"130304","n":"北戴河区","a":"北戴河区","y":"BeiDaiHeQu","b":"BDHQ","z":"066100"},{"i":"130321","n":"青龙满族自治县","a":"青龙满族","y":"QingLongManZu","b":"QLMZ","z":"066500"},{"i":"130322","n":"昌黎县","a":"昌黎","y":"ChangLi","b":"CL","z":"066600"},{"i":"130323","n":"抚宁县","a":"抚宁","y":"FuNing","b":"FN","z":"066300"},{"i":"130324","n":"卢龙县","a":"卢龙","y":"LuLong","b":"LL","z":"066400"}]},{"i":"130400","n":"邯郸市","a":"邯郸","y":"HanDan","b":"HD","z":"056000","c":[{"i":"130402","n":"邯山区","a":"邯山区","y":"HanShanQu","b":"HSQ","z":"056001"},{"i":"130403","n":"丛台区","a":"丛台区","y":"CongTaiQu","b":"CTQ","z":"056004"},{"i":"130404","n":"复兴区","a":"复兴区","y":"FuXingQu","b":"FXQ","z":"056003"},{"i":"130406","n":"峰峰矿区","a":"峰峰矿区","y":"FengFengKuangQu","b":"FFKQ","z":"056200"},{"i":"130421","n":"邯郸县","a":"邯郸","y":"HanDan","b":"HD","z":"056105"},{"i":"130423","n":"临漳县","a":"临漳","y":"LinZhang","b":"LZ","z":"056600"},{"i":"130424","n":"成安县","a":"成安","y":"ChengAn","b":"CA","z":"056700"},{"i":"130425","n":"大名县","a":"大名","y":"DaMing","b":"DM","z":"056900"},{"i":"130426","n":"涉县","a":"涉县","y":"SheXian","b":"SX","z":"056400"},{"i":"130427","n":"磁县","a":"磁县","y":"CiXian","b":"CX","z":"056500"},{"i":"130428","n":"肥乡县","a":"肥乡","y":"FeiXiang","b":"FX","z":"057550"},{"i":"130429","n":"永年县","a":"永年","y":"YongNian","b":"YN","z":"057150"},{"i":"130430","n":"邱县","a":"邱县","y":"QiuXian","b":"QX","z":"057450"},{"i":"130431","n":"鸡泽县","a":"鸡泽","y":"JiZe","b":"JZ","z":"057350"},{"i":"130432","n":"广平县","a":"广平","y":"GuangPing","b":"GP","z":"057650"},{"i":"130433","n":"馆陶县","a":"馆陶","y":"GuanTao","b":"GT","z":"057750"},{"i":"130434","n":"魏县","a":"魏县","y":"WeiXian","b":"WX","z":"056800"},{"i":"130435","n":"曲周县","a":"曲周","y":"QuZhou","b":"QZ","z":"057250"},{"i":"130481","n":"武安市","a":"武安","y":"WuAn","b":"WA","z":"056300"}]},{"i":"130500","n":"邢台市","a":"邢台","y":"XingTai","b":"XT","z":"054000","c":[{"i":"130502","n":"桥东区","a":"桥东区","y":"QiaoDongQu","b":"QDQ","z":"054001"},{"i":"130503","n":"桥西区","a":"桥西区","y":"QiaoXiQu","b":"QXQ","z":"054000"},{"i":"130521","n":"邢台县","a":"邢台","y":"XingTai","b":"XT","z":"054001"},{"i":"130522","n":"临城县","a":"临城","y":"LinCheng","b":"LC","z":"054300"},{"i":"130523","n":"内丘县","a":"内丘","y":"NeiQiu","b":"NQ","z":"054200"},{"i":"130524","n":"柏乡县","a":"柏乡","y":"BaiXiang","b":"BX","z":"055450"},{"i":"130525","n":"隆尧县","a":"隆尧","y":"LongYao","b":"LY","z":"055350"},{"i":"130526","n":"任县","a":"任县","y":"RenXian","b":"RX","z":"055150"},{"i":"130527","n":"南和县","a":"南和","y":"NanHe","b":"NH","z":"054400"},{"i":"130528","n":"宁晋县","a":"宁晋","y":"NingJin","b":"NJ","z":"055550"},{"i":"130529","n":"巨鹿县","a":"巨鹿","y":"JuLu","b":"JL","z":"055250"},{"i":"130530","n":"新河县","a":"新河","y":"XinHe","b":"XH","z":"055650"},{"i":"130531","n":"广宗县","a":"广宗","y":"GuangZong","b":"GZ","z":"054600"},{"i":"130532","n":"平乡县","a":"平乡","y":"PingXiang","b":"PX","z":"054500"},{"i":"130533","n":"威县","a":"威县","y":"WeiXian","b":"WX","z":"054700"},{"i":"130534","n":"清河县","a":"清河","y":"QingHe","b":"QH","z":"054800"},{"i":"130535","n":"临西县","a":"临西","y":"LinXi","b":"LX","z":"054900"},{"i":"130581","n":"南宫市","a":"南宫","y":"NanGong","b":"NG","z":"055750"},{"i":"130582","n":"沙河市","a":"沙河","y":"ShaHe","b":"SH","z":"054100"}]},{"i":"130600","n":"保定市","a":"保定","y":"BaoDing","b":"BD","z":"071000","c":[{"i":"130602","n":"新市区","a":"新市区","y":"XinShiQu","b":"XSQ","z":"071052"},{"i":"130603","n":"北市区","a":"北市区","y":"BeiShiQu","b":"BSQ","z":"071000"},{"i":"130604","n":"南市区","a":"南市区","y":"NanShiQu","b":"NSQ","z":"071000"},{"i":"130621","n":"满城县","a":"满城","y":"ManCheng","b":"MC","z":"072150"},{"i":"130622","n":"清苑县","a":"清苑","y":"QingYuan","b":"QY","z":"071100"},{"i":"130623","n":"涞水县","a":"涞水","y":"LaiShui","b":"LS","z":"074100"},{"i":"130624","n":"阜平县","a":"阜平","y":"FuPing","b":"FP","z":"073200"},{"i":"130625","n":"徐水县","a":"徐水","y":"XuShui","b":"XS","z":"072550"},{"i":"130626","n":"定兴县","a":"定兴","y":"DingXing","b":"DX","z":"072650"},{"i":"130627","n":"唐县","a":"唐县","y":"TangXian","b":"TX","z":"072350"},{"i":"130628","n":"高阳县","a":"高阳","y":"GaoYang","b":"GY","z":"071500"},{"i":"130629","n":"容城县","a":"容城","y":"RongCheng","b":"RC","z":"071700"},{"i":"130630","n":"涞源县","a":"涞源","y":"LaiYuan","b":"LY","z":"074300"},{"i":"130631","n":"望都县","a":"望都","y":"WangDou","b":"WD","z":"072450"},{"i":"130632","n":"安新县","a":"安新","y":"AnXin","b":"AX","z":"071600"},{"i":"130633","n":"易县","a":"易县","y":"YiXian","b":"YX","z":"074200"},{"i":"130634","n":"曲阳县","a":"曲阳","y":"QuYang","b":"QY","z":"073100"},{"i":"130635","n":"蠡县","a":"蠡县","y":"LiXian","b":"LX","z":"071400"},{"i":"130636","n":"顺平县","a":"顺平","y":"ShunPing","b":"SP","z":"072250"},{"i":"130637","n":"博野县","a":"博野","y":"BoYe","b":"BY","z":"071300"},{"i":"130638","n":"雄县","a":"雄县","y":"XiongXian","b":"XX","z":"071800"},{"i":"130681","n":"涿州市","a":"涿州","y":"ZhuoZhou","b":"ZZ","z":"072750"},{"i":"130682","n":"定州市","a":"定州","y":"DingZhou","b":"DZ","z":"073000"},{"i":"130683","n":"安国市","a":"安国","y":"AnGuo","b":"AG","z":"071200"},{"i":"130684","n":"高碑店市","a":"高碑店","y":"GaoBeiDian","b":"GBD","z":"074000"}]},{"i":"130700","n":"张家口市","a":"张家口","y":"ZhangJiaKou","b":"ZJK","z":"075000","c":[{"i":"130702","n":"桥东区","a":"桥东区","y":"QiaoDongQu","b":"QDQ","z":"075000"},{"i":"130703","n":"桥西区","a":"桥西区","y":"QiaoXiQu","b":"QXQ","z":"075061"},{"i":"130705","n":"宣化区","a":"宣化区","y":"XuanHuaQu","b":"XHQ","z":"075100"},{"i":"130706","n":"下花园区","a":"下花园区","y":"XiaHuaYuanQu","b":"XHYQ","z":"075300"},{"i":"130721","n":"宣化县","a":"宣化","y":"XuanHua","b":"XH","z":"075100"},{"i":"130722","n":"张北县","a":"张北","y":"ZhangBei","b":"ZB","z":"076450"},{"i":"130723","n":"康保县","a":"康保","y":"KangBao","b":"KB","z":"076650"},{"i":"130724","n":"沽源县","a":"沽源","y":"GuYuan","b":"GY","z":"076550"},{"i":"130725","n":"尚义县","a":"尚义","y":"ShangYi","b":"SY","z":"076750"},{"i":"130726","n":"蔚县","a":"蔚县","y":"WeiXian","b":"WX","z":"075700"},{"i":"130727","n":"阳原县","a":"阳原","y":"YangYuan","b":"YY","z":"075800"},{"i":"130728","n":"怀安县","a":"怀安","y":"HuaiAn","b":"HA","z":"076150"},{"i":"130729","n":"万全县","a":"万全","y":"WanQuan","b":"WQ","z":"076250"},{"i":"130730","n":"怀来县","a":"怀来","y":"HuaiLai","b":"HL","z":"075400"},{"i":"130731","n":"涿鹿县","a":"涿鹿","y":"ZhuoLu","b":"ZL","z":"075600"},{"i":"130732","n":"赤城县","a":"赤城","y":"ChiCheng","b":"CC","z":"075500"},{"i":"130733","n":"崇礼县","a":"崇礼","y":"ChongLi","b":"CL","z":"076350"}]},{"i":"130800","n":"承德市","a":"承德","y":"ChengDe","b":"CD","z":"067000","c":[{"i":"130802","n":"双桥区","a":"双桥区","y":"ShuangQiaoQu","b":"SQQ","z":"067000"},{"i":"130803","n":"双滦区","a":"双滦区","y":"ShuangLuanQu","b":"SLQ","z":"067000"},{"i":"130804","n":"鹰手营子矿区","a":"鹰手营子矿区","y":"YingShouYingZiKuangQu","b":"YSYZKQ","z":"067000"},{"i":"130821","n":"承德县","a":"承德","y":"ChengDe","b":"CD","z":"067400"},{"i":"130822","n":"兴隆县","a":"兴隆","y":"XingLong","b":"XL","z":"067300"},{"i":"130823","n":"平泉县","a":"平泉","y":"PingQuan","b":"PQ","z":"067500"},{"i":"130824","n":"滦平县","a":"滦平","y":"LuanPing","b":"LP","z":"068250"},{"i":"130825","n":"隆化县","a":"隆化","y":"LongHua","b":"LH","z":"068150"},{"i":"130826","n":"丰宁满族自治县","a":"丰宁满族","y":"FengNingManZu","b":"FNMZ","z":"068350"},{"i":"130827","n":"宽城满族自治县","a":"宽城满族","y":"KuanChengManZu","b":"KCMZ","z":"067600"},{"i":"130828","n":"围场满族蒙古族自治县","a":"围场满族蒙古族","y":"WeiChangManZuMengGuZu","b":"WCMZMGZ","z":"068450"}]},{"i":"130900","n":"沧州市","a":"沧州","y":"CangZhou","b":"CZ","z":"061000","c":[{"i":"130902","n":"新华区","a":"新华区","y":"XinHuaQu","b":"XHQ","z":"061000"},{"i":"130903","n":"运河区","a":"运河区","y":"YunHeQu","b":"YHQ","z":"061000"},{"i":"130921","n":"沧县","a":"沧县","y":"CangXian","b":"CX","z":"061035"},{"i":"130922","n":"青县","a":"青县","y":"QingXian","b":"QX","z":"062650"},{"i":"130923","n":"东光县","a":"东光","y":"DongGuang","b":"DG","z":"061600"},{"i":"130924","n":"海兴县","a":"海兴","y":"HaiXing","b":"HX","z":"061200"},{"i":"130925","n":"盐山县","a":"盐山","y":"YanShan","b":"YS","z":"061300"},{"i":"130926","n":"肃宁县","a":"肃宁","y":"SuNing","b":"SN","z":"062350"},{"i":"130927","n":"南皮县","a":"南皮","y":"NanPi","b":"NP","z":"061500"},{"i":"130928","n":"吴桥县","a":"吴桥","y":"WuQiao","b":"WQ","z":"061800"},{"i":"130929","n":"献县","a":"献县","y":"XianXian","b":"XX","z":"062250"},{"i":"130930","n":"孟村回族自治县","a":"孟村回族","y":"MengCunHuiZu","b":"MCHZ","z":"061400"},{"i":"130981","n":"泊头市","a":"泊头","y":"PoTou","b":"PT","z":"062150"},{"i":"130982","n":"任丘市","a":"任丘","y":"RenQiu","b":"RQ","z":"062550"},{"i":"130983","n":"黄骅市","a":"黄骅","y":"HuangHua","b":"HH","z":"061100"},{"i":"130984","n":"河间市","a":"河间","y":"HeJian","b":"HJ","z":"062450"}]},{"i":"131000","n":"廊坊市","a":"廊坊","y":"LangFang","b":"LF","z":"065000","c":[{"i":"131002","n":"安次区","a":"安次区","y":"AnCiQu","b":"ACQ","z":"065000"},{"i":"131003","n":"广阳区","a":"广阳区","y":"GuangYangQu","b":"GYQ","z":"065000"},{"i":"131022","n":"固安县","a":"固安","y":"GuAn","b":"GA","z":"065500"},{"i":"131023","n":"永清县","a":"永清","y":"YongQing","b":"YQ","z":"065600"},{"i":"131024","n":"香河县","a":"香河","y":"XiangHe","b":"XH","z":"065400"},{"i":"131025","n":"大城县","a":"大城","y":"DaCheng","b":"DC","z":"065900"},{"i":"131026","n":"文安县","a":"文安","y":"WenAn","b":"WA","z":"065800"},{"i":"131028","n":"大厂回族自治县","a":"大厂回族","y":"DaChangHuiZu","b":"DCHZ","z":"065300"},{"i":"131081","n":"霸州市","a":"霸州","y":"BaZhou","b":"BZ","z":"065700"},{"i":"131082","n":"三河市","a":"三河","y":"SanHe","b":"SH","z":"065200"}]},{"i":"131100","n":"衡水市","a":"衡水","y":"HengShui","b":"HS","z":"053000","c":[{"i":"131102","n":"桃城区","a":"桃城区","y":"TaoChengQu","b":"TCQ","z":"053000"},{"i":"131121","n":"枣强县","a":"枣强","y":"ZaoQiang","b":"ZQ","z":"053100"},{"i":"131122","n":"武邑县","a":"武邑","y":"WuYi","b":"WY","z":"053400"},{"i":"131123","n":"武强县","a":"武强","y":"WuQiang","b":"WQ","z":"053300"},{"i":"131124","n":"饶阳县","a":"饶阳","y":"RaoYang","b":"RY","z":"053900"},{"i":"131125","n":"安平县","a":"安平","y":"AnPing","b":"AP","z":"053600"},{"i":"131126","n":"故城县","a":"故城","y":"GuCheng","b":"GC","z":"253800"},{"i":"131127","n":"景县","a":"景县","y":"JingXian","b":"JX","z":"053500"},{"i":"131128","n":"阜城县","a":"阜城","y":"FuCheng","b":"FC","z":"053700"},{"i":"131181","n":"冀州市","a":"冀州","y":"JiZhou","b":"JZ","z":"053200"},{"i":"131182","n":"深州市","a":"深州","y":"ShenZhou","b":"SZ","z":"053800"}]}]