[{"i":"140100","n":"太原市","a":"太原","y":"TaiYuan","b":"TY","z":"030000","c":[{"i":"140105","n":"小店区","a":"小店区","y":"XiaoDianQu","b":"XDQ","z":"030032"},{"i":"140106","n":"迎泽区","a":"迎泽区","y":"YingZeQu","b":"YZQ","z":"030024"},{"i":"140107","n":"杏花岭区","a":"杏花岭区","y":"XingHuaLingQu","b":"XHLQ","z":"030001"},{"i":"140108","n":"尖草坪区","a":"尖草坪区","y":"JianCaoPingQu","b":"JCPQ","z":"030003"},{"i":"140109","n":"万柏林区","a":"万柏林区","y":"WanBaiLinQu","b":"WBLQ","z":"030027"},{"i":"140110","n":"晋源区","a":"晋源区","y":"JinYuanQu","b":"JYQ","z":"030025"},{"i":"140121","n":"清徐县","a":"清徐","y":"QingXu","b":"QX","z":"030400"},{"i":"140122","n":"阳曲县","a":"阳曲","y":"YangQu","b":"YQ","z":"030100"},{"i":"140123","n":"娄烦县","a":"娄烦","y":"LouFan","b":"LF","z":"030300"},{"i":"140181","n":"古交市","a":"古交","y":"GuJiao","b":"GJ","z":"030200"}]},{"i":"140200","n":"大同市","a":"大同","y":"DaTong","b":"DT","z":"037000","c":[{"i":"140202","n":"城区","a":"城区","y":"ChengQu","b":"CQ","z":"037008"},{"i":"140203","n":"矿区","a":"矿区","y":"KuangQu","b":"KQ","z":"037001"},{"i":"140211","n":"南郊区","a":"南郊区","y":"NanJiaoQu","b":"NJQ","z":"037001"},{"i":"140212","n":"新荣区","a":"新荣区","y":"XinRongQu","b":"XRQ","z":"037002"},{"i":"140221","n":"阳高县","a":"阳高","y":"YangGao","b":"YG","z":"038100"},{"i":"140222","n":"天镇县","a":"天镇","y":"TianZhen","b":"TZ","z":"038200"},{"i":"140223","n":"广灵县","a":"广灵","y":"GuangLing","b":"GL","z":"037500"},{"i":"140224","n":"灵丘县","a":"灵丘","y":"LingQiu","b":"LQ","z":"034400"},{"i":"140225","n":"浑源县","a":"浑源","y":"HunYuan","b":"HY","z":"037400"},{"i":"140226","n":"左云县","a":"左云","y":"ZuoYun","b":"ZY","z":"037100"},{"i":"140227","n":"大同县","a":"大同","y":"DaTong","b":"DT","z":"037300"}]},{"i":"140300","n":"阳泉市","a":"阳泉","y":"YangQuan","b":"YQ","z":"045000","c":[{"i":"140302","n":"城区","a":"城区","y":"ChengQu","b":"CQ","z":"045000"},{"i":"140303","n":"矿区","a":"矿区","y":"KuangQu","b":"KQ","z":"045000"},{"i":"140311","n":"郊区","a":"郊区","y":"JiaoQu","b":"JQ","z":"045011"},{"i":"140321","n":"平定县","a":"平定","y":"PingDing","b":"PD","z":"045200"},{"i":"140322","n":"盂县","a":"盂县","y":"YuXian","b":"YX","z":"045100"}]},{"i":"140400","n":"长治市","a":"长治","y":"ZhangZhi","b":"ZZ","z":"046000","c":[{"i":"140402","n":"城区","a":"城区","y":"ChengQu","b":"CQ","z":""},{"i":"140411","n":"郊区","a":"郊区","y":"JiaoQu","b":"JQ","z":""},{"i":"140421","n":"长治县","a":"长治","y":"ZhangZhi","b":"ZZ","z":"047100"},{"i":"140423","n":"襄垣县","a":"襄垣","y":"XiangYuan","b":"XY","z":"046200"},{"i":"140424","n":"屯留县","a":"屯留","y":"TunLiu","b":"TL","z":"046100"},{"i":"140425","n":"平顺县","a":"平顺","y":"PingShun","b":"PS","z":"047400"},{"i":"140426","n":"黎城县","a":"黎城","y":"LiCheng","b":"LC","z":"047600"},{"i":"140427","n":"壶关县","a":"壶关","y":"HuGuan","b":"HG","z":"047300"},{"i":"140428","n":"长子县","a":"长子","y":"ZhangZi","b":"ZZ","z":"046600"},{"i":"140429","n":"武乡县","a":"武乡","y":"WuXiang","b":"WX","z":"046300"},{"i":"140430","n":"沁县","a":"沁县","y":"QinXian","b":"QX","z":"046400"},{"i":"140431","n":"沁源县","a":"沁源","y":"QinYuan","b":"QY","z":"046500"},{"i":"140481","n":"潞城市","a":"潞城","y":"LuCheng","b":"LC","z":"047500"}]},{"i":"140500","n":"晋城市","a":"晋城","y":"JinCheng","b":"JC","z":"048000","c":[{"i":"140502","n":"城区","a":"城区","y":"ChengQu","b":"CQ","z":"048000"},{"i":"140521","n":"沁水县","a":"沁水","y":"QinShui","b":"QS","z":"048200"},{"i":"140522","n":"阳城县","a":"阳城","y":"YangCheng","b":"YC","z":"048100"},{"i":"140524","n":"陵川县","a":"陵川","y":"LingChuan","b":"LC","z":"048300"},{"i":"140525","n":"泽州县","a":"泽州","y":"ZeZhou","b":"ZZ","z":"048012"},{"i":"140581","n":"高平市","a":"高平","y":"GaoPing","b":"GP","z":"048400"}]},{"i":"140600","n":"朔州市","a":"朔州","y":"ShuoZhou","b":"SZ","z":"036000","c":[{"i":"140602","n":"朔城区","a":"朔城区","y":"ShuoChengQu","b":"SCQ","z":"038500"},{"i":"140603","n":"平鲁区","a":"平鲁区","y":"PingLuQu","b":"PLQ","z":"038600"},{"i":"140621","n":"山阴县","a":"山阴","y":"ShanYin","b":"SY","z":"036900"},{"i":"140622","n":"应县","a":"应县","y":"YingXian","b":"YX","z":"037600"},{"i":"140623","n":"右玉县","a":"右玉","y":"YouYu","b":"YY","z":"037200"},{"i":"140624","n":"怀仁县","a":"怀仁","y":"HuaiRen","b":"HR","z":"038300"}]},{"i":"140700","n":"晋中市","a":"晋中","y":"JinZhong","b":"JZ","z":"030600","c":[{"i":"140702","n":"榆次区","a":"榆次区","y":"YuCiQu","b":"YCQ","z":"030600"},{"i":"140721","n":"榆社县","a":"榆社","y":"YuShe","b":"YS","z":"031800"},{"i":"140722","n":"左权县","a":"左权","y":"ZuoQuan","b":"ZQ","z":"032600"},{"i":"140723","n":"和顺县","a":"和顺","y":"HeShun","b":"HS","z":"032700"},{"i":"140724","n":"昔阳县","a":"昔阳","y":"XiYang","b":"XY","z":"045300"},{"i":"140725","n":"寿阳县","a":"寿阳","y":"ShouYang","b":"SY","z":"045400"},{"i":"140726","n":"太谷县","a":"太谷","y":"TaiGu","b":"TG","z":"030800"},{"i":"140727","n":"祁县","a":"祁县","y":"QiXian","b":"QX","z":"030900"},{"i":"140728","n":"平遥县","a":"平遥","y":"PingYao","b":"PY","z":"031100"},{"i":"140729","n":"灵石县","a":"灵石","y":"LingShi","b":"LS","z":"031300"},{"i":"140781","n":"介休市","a":"介休","y":"JieXiu","b":"JX","z":"032000"}]},{"i":"140800","n":"运城市","a":"运城","y":"YunCheng","b":"YC","z":"044000","c":[{"i":"140802","n":"盐湖区","a":"盐湖区","y":"YanHuQu","b":"YHQ","z":"044300"},{"i":"140821","n":"临猗县","a":"临猗","y":"LinYi","b":"LY","z":"044100"},{"i":"140822","n":"万荣县","a":"万荣","y":"WanRong","b":"WR","z":"044200"},{"i":"140823","n":"闻喜县","a":"闻喜","y":"WenXi","b":"WX","z":"043800"},{"i":"140824","n":"稷山县","a":"稷山","y":"JiShan","b":"JS","z":"043200"},{"i":"140825","n":"新绛县","a":"新绛","y":"XinJiang","b":"XJ","z":"043100"},{"i":"140826","n":"绛县","a":"绛县","y":"JiangXian","b":"JX","z":"043600"},{"i":"140827","n":"垣曲县","a":"垣曲","y":"YuanQu","b":"YQ","z":"043700"},{"i":"140828","n":"夏县","a":"夏县","y":"XiaXian","b":"XX","z":"044400"},{"i":"140829","n":"平陆县","a":"平陆","y":"PingLu","b":"PL","z":"044300"},{"i":"140830","n":"芮城县","a":"芮城","y":"RuiCheng","b":"RC","z":"044600"},{"i":"140881","n":"永济市","a":"永济","y":"YongJi","b":"YJ","z":"044500"},{"i":"140882","n":"河津市","a":"河津","y":"HeJin","b":"HJ","z":"043300"}]},{"i":"140900","n":"忻州市","a":"忻州","y":"XinZhou","b":"XZ","z":"034000","c":[{"i":"140902","n":"忻府区","a":"忻府区","y":"XinFuQu","b":"XFQ","z":"034000"},{"i":"140921","n":"定襄县","a":"定襄","y":"DingXiang","b":"DX","z":"035400"},{"i":"140922","n":"五台县","a":"五台","y":"WuTai","b":"WT","z":"035500"},{"i":"140923","n":"代县","a":"代县","y":"DaiXian","b":"DX","z":"034200"},{"i":"140924","n":"繁峙县","a":"繁峙","y":"FanZhi","b":"FZ","z":"034300"},{"i":"140925","n":"宁武县","a":"宁武","y":"NingWu","b":"NW","z":"036700"},{"i":"140926","n":"静乐县","a":"静乐","y":"JingLe","b":"JL","z":"035100"},{"i":"140927","n":"神池县","a":"神池","y":"ShenChi","b":"SC","z":"036100"},{"i":"140928","n":"五寨县","a":"五寨","y":"WuZhai","b":"WZ","z":"036100"},{"i":"140929","n":"岢岚县","a":"岢岚","y":"KeLan","b":"KL","z":"036300"},{"i":"140930","n":"河曲县","a":"河曲","y":"HeQu","b":"HQ","z":"036500"},{"i":"140931","n":"保德县","a":"保德","y":"BaoDe","b":"BD","z":"036600"},{"i":"140932","n":"偏关县","a":"偏关","y":"PianGuan","b":"PG","z":"036400"},{"i":"140981","n":"原平市","a":"原平","y":"YuanPing","b":"YP","z":"034100"}]},{"i":"141000","n":"临汾市","a":"临汾","y":"LinFen","b":"LF","z":"041000","c":[{"i":"141002","n":"尧都区","a":"尧都区","y":"YaoDouQu","b":"YDQ","z":"041000"},{"i":"141021","n":"曲沃县","a":"曲沃","y":"QuWo","b":"QW","z":"043400"},{"i":"141022","n":"翼城县","a":"翼城","y":"YiCheng","b":"YC","z":"043500"},{"i":"141023","n":"襄汾县","a":"襄汾","y":"XiangFen","b":"XF","z":"041500"},{"i":"141024","n":"洪洞县","a":"洪洞","y":"HongDong","b":"HD","z":"041600"},{"i":"141025","n":"古县","a":"古县","y":"GuXian","b":"GX","z":"042400"},{"i":"141026","n":"安泽县","a":"安泽","y":"AnZe","b":"AZ","z":"042500"},{"i":"141027","n":"浮山县","a":"浮山","y":"FuShan","b":"FS","z":"042600"},{"i":"141028","n":"吉县","a":"吉县","y":"JiXian","b":"JX","z":"042200"},{"i":"141029","n":"乡宁县","a":"乡宁","y":"XiangNing","b":"XN","z":"042100"},{"i":"141030","n":"大宁县","a":"大宁","y":"DaNing","b":"DN","z":"042300"},{"i":"141031","n":"隰县","a":"隰县","y":"XiXian","b":"XX","z":"041300"},{"i":"141032","n":"永和县","a":"永和","y":"YongHe","b":"YH","z":"041400"},{"i":"141033","n":"蒲县","a":"蒲县","y":"PuXian","b":"PX","z":"041200"},{"i":"141034","n":"汾西县","a":"汾西","y":"FenXi","b":"FX","z":"031500"},{"i":"141081","n":"侯马市","a":"侯马","y":"HouMa","b":"HM","z":"043000"},{"i":"141082","n":"霍州市","a":"霍州","y":"HuoZhou","b":"HZ","z":"031400"}]},{"i":"141100","n":"吕梁市","a":"吕梁","y":"LvLiang","b":"LL","z":"033000","c":[{"i":"141102","n":"离石区","a":"离石区","y":"LiShiQu","b":"LSQ","z":"033000"},{"i":"141121","n":"文水县","a":"文水","y":"WenShui","b":"WS","z":"032100"},{"i":"141122","n":"交城县","a":"交城","y":"JiaoCheng","b":"JC","z":"030500"},{"i":"141123","n":"兴县","a":"兴县","y":"XingXian","b":"XX","z":"033601"},{"i":"141124","n":"临县","a":"临县","y":"LinXian","b":"LX","z":"033200"},{"i":"141125","n":"柳林县","a":"柳林","y":"LiuLin","b":"LL","z":"033300"},{"i":"141126","n":"石楼县","a":"石楼","y":"ShiLou","b":"SL","z":"032500"},{"i":"141127","n":"岚县","a":"岚县","y":"LanXian","b":"LX","z":"033500"},{"i":"141128","n":"方山县","a":"方山","y":"FangShan","b":"FS","z":"033100"},{"i":"141129","n":"中阳县","a":"中阳","y":"ZhongYang","b":"ZY","z":"033400"},{"i":"141130","n":"交口县","a":"交口","y":"JiaoKou","b":"JK","z":"032400"},{"i":"141181","n":"孝义市","a":"孝义","y":"XiaoYi","b":"XY","z":"032208"},{"i":"141182","n":"汾阳市","a":"汾阳","y":"FenYang","b":"FY","z":"032200"}]}]