[{"i":"150100","n":"呼和浩特市","a":"呼和浩特","y":"HuHeHaoTe","b":"HHHT","z":"010000","c":[{"i":"150102","n":"新城区","a":"新城区","y":"XinChengQu","b":"XCQ","z":"010050"},{"i":"150103","n":"回民区","a":"回民区","y":"HuiMinQu","b":"HMQ","z":"010030"},{"i":"150104","n":"玉泉区","a":"玉泉区","y":"YuQuanQu","b":"YQQ","z":"010020"},{"i":"150105","n":"赛罕区","a":"赛罕区","y":"SaiHanQu","b":"SHQ","z":"010020"},{"i":"150121","n":"土默特左旗","a":"土默特左旗","y":"TuMoTeZuoQi","b":"TMTZQ","z":"010100"},{"i":"150122","n":"托克托县","a":"托克托","y":"TuoKeTuo","b":"TKT","z":"010200"},{"i":"150123","n":"和林格尔县","a":"和林格尔","y":"HeLinGeEr","b":"HLGE","z":"011500"},{"i":"150124","n":"清水河县","a":"清水河","y":"QingShuiHe","b":"QSH","z":"011600"},{"i":"150125","n":"武川县","a":"武川","y":"WuChuan","b":"WC","z":"011700"}]},{"i":"150200","n":"包头市","a":"包头","y":"BaoTou","b":"BT","z":"014000","c":[{"i":"150202","n":"东河区","a":"东河区","y":"DongHeQu","b":"DHQ","z":"014040"},{"i":"150203","n":"昆都仑区","a":"昆都仑区","y":"KunDouLunQu","b":"KDLQ","z":"014010"},{"i":"150204","n":"青山区","a":"青山区","y":"QingShanQu","b":"QSQ","z":"014030"},{"i":"150205","n":"石拐区","a":"石拐区","y":"ShiGuaiQu","b":"SGQ","z":"014070"},{"i":"150206","n":"白云鄂博矿区","a":"白云鄂博矿区","y":"BaiYunEBoKuangQu","b":"BYEBKQ","z":"014080"},{"i":"150207","n":"九原区","a":"九原区","y":"JiuYuanQu","b":"JYQ","z":"014060"},{"i":"150221","n":"土默特右旗","a":"土默特右旗","y":"TuMoTeYouQi","b":"TMTYQ","z":"014100"},{"i":"150222","n":"固阳县","a":"固阳","y":"GuYang","b":"GY","z":"014200"},{"i":"150223","n":"达尔罕茂明安联合旗","a":"达尔罕茂明安联合旗","y":"DaErHanMaoMingAnLianHeQi","b":"DEHMMALHQ","z":"014500"}]},{"i":"150300","n":"乌海市","a":"乌海","y":"WuHai","b":"WH","z":"016000","c":[{"i":"150302","n":"海勃湾区","a":"海勃湾区","y":"HaiBoWanQu","b":"HBWQ","z":"016000"},{"i":"150303","n":"海南区","a":"海南区","y":"HaiNanQu","b":"HNQ","z":"016030"},{"i":"150304","n":"乌达区","a":"乌达区","y":"WuDaQu","b":"WDQ","z":"016040"}]},{"i":"150400","n":"赤峰市","a":"赤峰","y":"ChiFeng","b":"CF","z":"024000","c":[{"i":"150402","n":"红山区","a":"红山区","y":"HongShanQu","b":"HSQ","z":"024020"},{"i":"150403","n":"元宝山区","a":"元宝山区","y":"YuanBaoShanQu","b":"YBSQ","z":"024076"},{"i":"150404","n":"松山区","a":"松山区","y":"SongShanQu","b":"SSQ","z":"024005"},{"i":"150421","n":"阿鲁科尔沁旗","a":"阿鲁科尔沁旗","y":"ALuKeErQinQi","b":"ALKEQQ","z":"025550"},{"i":"150422","n":"巴林左旗","a":"巴林左旗","y":"BaLinZuoQi","b":"BLZQ","z":"025450"},{"i":"150423","n":"巴林右旗","a":"巴林右旗","y":"BaLinYouQi","b":"BLYQ","z":"025150"},{"i":"150424","n":"林西县","a":"林西","y":"LinXi","b":"LX","z":"025250"},{"i":"150425","n":"克什克腾旗","a":"克什克腾旗","y":"KeShenKeTengQi","b":"KSKTQ","z":"025350"},{"i":"150426","n":"翁牛特旗","a":"翁牛特旗","y":"WengNiuTeQi","b":"WNTQ","z":"024500"},{"i":"150428","n":"喀喇沁旗","a":"喀喇沁旗","y":"KaLaQinQi","b":"KLQQ","z":"024400"},{"i":"150429","n":"宁城县","a":"宁城","y":"NingCheng","b":"NC","z":"024200"},{"i":"150430","n":"敖汉旗","a":"敖汉旗","y":"AoHanQi","b":"AHQ","z":"024300"}]},{"i":"150500","n":"通辽市","a":"通辽","y":"TongLiao","b":"TL","z":"028000","c":[{"i":"150502","n":"科尔沁区","a":"科尔沁区","y":"KeErQinQu","b":"KEQQ","z":"028000"},{"i":"150521","n":"科尔沁左翼中旗","a":"科尔沁左翼中旗","y":"KeErQinZuoYiZhongQi","b":"KEQZYZQ","z":"029300"},{"i":"150522","n":"科尔沁左翼后旗","a":"科尔沁左翼后旗","y":"KeErQinZuoYiHouQi","b":"KEQZYHQ","z":"028100"},{"i":"150523","n":"开鲁县","a":"开鲁","y":"KaiLu","b":"KL","z":"028400"},{"i":"150524","n":"库伦旗","a":"库伦旗","y":"KuLunQi","b":"KLQ","z":"028200"},{"i":"150525","n":"奈曼旗","a":"奈曼旗","y":"NaiManQi","b":"NMQ","z":"028300"},{"i":"150526","n":"扎鲁特旗","a":"扎鲁特旗","y":"ZhaLuTeQi","b":"ZLTQ","z":"029100"},{"i":"150581","n":"霍林郭勒市","a":"霍林郭勒","y":"HuoLinGuoLei","b":"HLGL","z":"029200"}]},{"i":"150600","n":"鄂尔多斯市","a":"鄂尔多斯","y":"EErDuoSi","b":"EEDS","z":"017004","c":[{"i":"150602","n":"东胜区","a":"东胜区","y":"DongShengQu","b":"DSQ","z":"017000"},{"i":"150621","n":"达拉特旗","a":"达拉特旗","y":"DaLaTeQi","b":"DLTQ","z":"014300"},{"i":"150622","n":"准格尔旗","a":"准格尔旗","y":"ZhunGeErQi","b":"ZGEQ","z":"017100"},{"i":"150623","n":"鄂托克前旗","a":"鄂托克前旗","y":"ETuoKeQianQi","b":"ETKQQ","z":"016200"},{"i":"150624","n":"鄂托克旗","a":"鄂托克旗","y":"ETuoKeQi","b":"ETKQ","z":"016100"},{"i":"150625","n":"杭锦旗","a":"杭锦旗","y":"HangJinQi","b":"HJQ","z":"017400"},{"i":"150626","n":"乌审旗","a":"乌审旗","y":"WuShenQi","b":"WSQ","z":"017300"},{"i":"150627","n":"伊金霍洛旗","a":"伊金霍洛旗","y":"YiJinHuoLuoQi","b":"YJHLQ","z":"017200"}]},{"i":"150700","n":"呼伦贝尔市","a":"呼伦贝尔","y":"HuLunBeiEr","b":"HLBE","z":"021008","c":[{"i":"150702","n":"海拉尔区","a":"海拉尔区","y":"HaiLaErQu","b":"HLEQ","z":"021000"},{"i":"150703","n":"扎赉诺尔区","a":"扎赉诺尔区","y":"ZhaLaiNuoErQu","b":"ZLNEQ","z":"021410"},{"i":"150721","n":"阿荣旗","a":"阿荣旗","y":"ARongQi","b":"ARQ","z":"162750"},{"i":"150722","n":"莫力达瓦达斡尔族自治旗","a":"莫力达瓦达斡尔族自治旗","y":"MoLiDaWaDaWoErZuZiZhiQi","b":"MLDWDWEZZZQ","z":"162850"},{"i":"150723","n":"鄂伦春自治旗","a":"鄂伦春自治旗","y":"ELunChunZiZhiQi","b":"ELCZZQ","z":"165450"},{"i":"150724","n":"鄂温克族自治旗","a":"鄂温克族自治旗","y":"EWenKeZuZiZhiQi","b":"EWKZZZQ","z":"021100"},{"i":"150725","n":"陈巴尔虎旗","a":"陈巴尔虎旗","y":"ChenBaErHuQi","b":"CBEHQ","z":"021500"},{"i":"150726","n":"新巴尔虎左旗","a":"新巴尔虎左旗","y":"XinBaErHuZuoQi","b":"XBEHZQ","z":"021200"},{"i":"150727","n":"新巴尔虎右旗","a":"新巴尔虎右旗","y":"XinBaErHuYouQi","b":"XBEHYQ","z":"021300"},{"i":"150781","n":"满洲里市","a":"满洲里","y":"ManZhouLi","b":"MZL","z":"021400"},{"i":"150782","n":"牙克石市","a":"牙克石","y":"YaKeShi","b":"YKS","z":"162650"},{"i":"150783","n":"扎兰屯市","a":"扎兰屯","y":"ZhaLanTun","b":"ZLT","z":"162650"},{"i":"150784","n":"额尔古纳市","a":"额尔古纳","y":"EErGuNa","b":"EEGN","z":"022250"},{"i":"150785","n":"根河市","a":"根河","y":"GenHe","b":"GH","z":"022350"}]},{"i":"150800","n":"巴彦淖尔市","a":"巴彦淖尔","y":"BaYanNaoEr","b":"BYNE","z":"015001","c":[{"i":"150802","n":"临河区","a":"临河区","y":"LinHeQu","b":"LHQ","z":"015001"},{"i":"150821","n":"五原县","a":"五原","y":"WuYuan","b":"WY","z":"015100"},{"i":"150822","n":"磴口县","a":"磴口","y":"DengKou","b":"DK","z":"015200"},{"i":"150823","n":"乌拉特前旗","a":"乌拉特前旗","y":"WuLaTeQianQi","b":"WLTQQ","z":"015400"},{"i":"150824","n":"乌拉特中旗","a":"乌拉特中旗","y":"WuLaTeZhongQi","b":"WLTZQ","z":"015300"},{"i":"150825","n":"乌拉特后旗","a":"乌拉特后旗","y":"WuLaTeHouQi","b":"WLTHQ","z":"015500"},{"i":"150826","n":"杭锦后旗","a":"杭锦后旗","y":"HangJinHouQi","b":"HJHQ","z":"015400"}]},{"i":"150900","n":"乌兰察布市","a":"乌兰察布","y":"WuLanChaBu","b":"WLCB","z":"012000","c":[{"i":"150902","n":"集宁区","a":"集宁区","y":"JiNingQu","b":"JNQ","z":"012000"},{"i":"150921","n":"卓资县","a":"卓资","y":"ZhuoZi","b":"ZZ","z":"012300"},{"i":"150922","n":"化德县","a":"化德","y":"HuaDe","b":"HD","z":"013350"},{"i":"150923","n":"商都县","a":"商都","y":"ShangDou","b":"SD","z":"013400"},{"i":"150924","n":"兴和县","a":"兴和","y":"XingHe","b":"XH","z":"013650"},{"i":"150925","n":"凉城县","a":"凉城","y":"LiangCheng","b":"LC","z":"013750"},{"i":"150926","n":"察哈尔右翼前旗","a":"察哈尔右翼前旗","y":"ChaHaErYouYiQianQi","b":"CHEYYQQ","z":"012200"},{"i":"150927","n":"察哈尔右翼中旗","a":"察哈尔右翼中旗","y":"ChaHaErYouYiZhongQi","b":"CHEYYZQ","z":"013550"},{"i":"150928","n":"察哈尔右翼后旗","a":"察哈尔右翼后旗","y":"ChaHaErYouYiHouQi","b":"CHEYYHQ","z":"012400"},{"i":"150929","n":"四子王旗","a":"四子王旗","y":"SiZiWangQi","b":"SZWQ","z":"011800"},{"i":"150981","n":"丰镇市","a":"丰镇","y":"FengZhen","b":"FZ","z":"012100"}]},{"i":"152200","n":"兴安盟","a":"兴安盟","y":"XingAnMeng","b":"XAM","z":"137401","c":[{"i":"152201","n":"乌兰浩特市","a":"乌兰浩特","y":"WuLanHaoTe","b":"WLHT","z":"137400"},{"i":"152202","n":"阿尔山市","a":"阿尔山","y":"AErShan","b":"AES","z":"137800"},{"i":"152221","n":"科尔沁右翼前旗","a":"科尔沁右翼前旗","y":"KeErQinYouYiQianQi","b":"KEQYYQQ","z":"137400"},{"i":"152222","n":"科尔沁右翼中旗","a":"科尔沁右翼中旗","y":"KeErQinYouYiZhongQi","b":"KEQYYZQ","z":"029400"},{"i":"152223","n":"扎赉特旗","a":"扎赉特旗","y":"ZhaLaiTeQi","b":"ZLTQ","z":"137600"},{"i":"152224","n":"突泉县","a":"突泉","y":"TuQuan","b":"TQ","z":"137500"}]},{"i":"152500","n":"锡林郭勒盟","a":"锡林郭勒盟","y":"XiLinGuoLeiMeng","b":"XLGLM","z":"026021","c":[{"i":"152501","n":"二连浩特市","a":"二连浩特","y":"ErLianHaoTe","b":"ELHT","z":"011100"},{"i":"152502","n":"锡林浩特市","a":"锡林浩特","y":"XiLinHaoTe","b":"XLHT","z":"026000"},{"i":"152522","n":"阿巴嘎旗","a":"阿巴嘎旗","y":"ABaGaQi","b":"ABGQ","z":"011400"},{"i":"152523","n":"苏尼特左旗","a":"苏尼特左旗","y":"SuNiTeZuoQi","b":"SNTZQ","z":"011300"},{"i":"152524","n":"苏尼特右旗","a":"苏尼特右旗","y":"SuNiTeYouQi","b":"SNTYQ","z":"011200"},{"i":"152525","n":"东乌珠穆沁旗","a":"东乌珠穆沁旗","y":"DongWuZhuMuQinQi","b":"DWZMQQ","z":"026300"},{"i":"152526","n":"西乌珠穆沁旗","a":"西乌珠穆沁旗","y":"XiWuZhuMuQinQi","b":"XWZMQQ","z":"026200"},{"i":"152527","n":"太仆寺旗","a":"太仆寺旗","y":"TaiPuSiQi","b":"TPSQ","z":"027000"},{"i":"152528","n":"镶黄旗","a":"镶黄旗","y":"XiangHuangQi","b":"XHQ","z":"013250"},{"i":"152529","n":"正镶白旗","a":"正镶白旗","y":"ZhengXiangBaiQi","b":"ZXBQ","z":"013800"},{"i":"152530","n":"正蓝旗","a":"正蓝旗","y":"ZhengLanQi","b":"ZLQ","z":"027200"},{"i":"152531","n":"多伦县","a":"多伦","y":"DuoLun","b":"DL","z":"027300"}]},{"i":"152900","n":"阿拉善盟","a":"阿拉善盟","y":"ALaShanMeng","b":"ALSM","z":"750306","c":[{"i":"152921","n":"阿拉善左旗","a":"阿拉善左旗","y":"ALaShanZuoQi","b":"ALSZQ","z":"750300"},{"i":"152922","n":"阿拉善右旗","a":"阿拉善右旗","y":"ALaShanYouQi","b":"ALSYQ","z":"737300"},{"i":"152923","n":"额济纳旗","a":"额济纳旗","y":"EJiNaQi","b":"EJNQ","z":"735400"}]}]