[{"i":"210100","n":"沈阳市","a":"沈阳","y":"ChenYang","b":"CY","z":"110000","c":[{"i":"210102","n":"和平区","a":"和平区","y":"HePingQu","b":"HPQ","z":"110002"},{"i":"210103","n":"沈河区","a":"沈河区","y":"ChenHeQu","b":"CHQ","z":"110013"},{"i":"210104","n":"大东区","a":"大东区","y":"DaDongQu","b":"DDQ","z":"110044"},{"i":"210105","n":"皇姑区","a":"皇姑区","y":"HuangGuQu","b":"HGQ","z":"110031"},{"i":"210106","n":"铁西区","a":"铁西区","y":"TieXiQu","b":"TXQ","z":"110023"},{"i":"210111","n":"苏家屯区","a":"苏家屯区","y":"SuJiaTunQu","b":"SJTQ","z":"110102"},{"i":"210112","n":"东陵区","a":"东陵区","y":"DongLingQu","b":"DLQ","z":"110015"},{"i":"210113","n":"沈北新区","a":"沈北新区","y":"ChenBeiXinQu","b":"CBXQ","z":"110121"},{"i":"210114","n":"于洪区","a":"于洪区","y":"YuHongQu","b":"YHQ","z":"110024"},{"i":"210122","n":"辽中县","a":"辽中","y":"LiaoZhong","b":"LZ","z":"110200"},{"i":"210123","n":"康平县","a":"康平","y":"KangPing","b":"KP","z":"110500"},{"i":"210124","n":"法库县","a":"法库","y":"FaKu","b":"FK","z":"110400"},{"i":"210181","n":"新民市","a":"新民","y":"XinMin","b":"XM","z":"110300"}]},{"i":"210200","n":"大连市","a":"大连","y":"DaLian","b":"DL","z":"116000","c":[{"i":"210202","n":"中山区","a":"中山区","y":"ZhongShanQu","b":"ZSQ","z":"116001"},{"i":"210203","n":"西岗区","a":"西岗区","y":"XiGangQu","b":"XGQ","z":"116011"},{"i":"210204","n":"沙河口区","a":"沙河口区","y":"ShaHeKouQu","b":"SHKQ","z":"116021"},{"i":"210211","n":"甘井子区","a":"甘井子区","y":"GanJingZiQu","b":"GJZQ","z":"116033"},{"i":"210212","n":"旅顺口区","a":"旅顺口区","y":"LvShunKouQu","b":"LSKQ","z":"116041"},{"i":"210213","n":"金州区","a":"金州区","y":"JinZhouQu","b":"JZQ","z":"116100"},{"i":"210224","n":"长海县","a":"长海","y":"ZhangHai","b":"ZH","z":"116500"},{"i":"210281","n":"瓦房店市","a":"瓦房店","y":"WaFangDian","b":"WFD","z":"116300"},{"i":"210282","n":"普兰店市","a":"普兰店","y":"PuLanDian","b":"PLD","z":"116200"},{"i":"210283","n":"庄河市","a":"庄河","y":"ZhuangHe","b":"ZH","z":"116400"}]},{"i":"210300","n":"鞍山市","a":"鞍山","y":"AnShan","b":"AS","z":"114000","c":[{"i":"210302","n":"铁东区","a":"铁东区","y":"TieDongQu","b":"TDQ","z":"114001"},{"i":"210303","n":"铁西区","a":"铁西区","y":"TieXiQu","b":"TXQ","z":"110023"},{"i":"210304","n":"立山区","a":"立山区","y":"LiShanQu","b":"LSQ","z":"114031"},{"i":"210311","n":"千山区","a":"千山区","y":"QianShanQu","b":"QSQ","z":"114041"},{"i":"210321","n":"台安县","a":"台安","y":"TaiAn","b":"TA","z":"114100"},{"i":"210323","n":"岫岩满族自治县","a":"岫岩满族","y":"XiuYanManZu","b":"XYMZ","z":"114300"},{"i":"210381","n":"海城市","a":"海城","y":"HaiCheng","b":"HC","z":"114200"}]},{"i":"210400","n":"抚顺市","a":"抚顺","y":"FuShun","b":"FS","z":"113000","c":[{"i":"210402","n":"新抚区","a":"新抚区","y":"XinFuQu","b":"XFQ","z":"113006"},{"i":"210403","n":"东洲区","a":"东洲区","y":"DongZhouQu","b":"DZQ","z":"113003"},{"i":"210404","n":"望花区","a":"望花区","y":"WangHuaQu","b":"WHQ","z":"113001"},{"i":"210411","n":"顺城区","a":"顺城区","y":"ShunChengQu","b":"SCQ","z":"113006"},{"i":"210421","n":"抚顺县","a":"抚顺","y":"FuShun","b":"FS","z":"113100"},{"i":"210422","n":"新宾满族自治县","a":"新宾满族","y":"XinBinManZu","b":"XBMZ","z":"113200"},{"i":"210423","n":"清原满族自治县","a":"清原满族","y":"QingYuanManZu","b":"QYMZ","z":"113300"}]},{"i":"210500","n":"本溪市","a":"本溪","y":"BenXi","b":"BX","z":"117000","c":[{"i":"210502","n":"平山区","a":"平山区","y":"PingShanQu","b":"PSQ","z":"117000"},{"i":"210503","n":"溪湖区","a":"溪湖区","y":"XiHuQu","b":"XHQ","z":"117002"},{"i":"210504","n":"明山区","a":"明山区","y":"MingShanQu","b":"MSQ","z":"117021"},{"i":"210505","n":"南芬区","a":"南芬区","y":"NanFenQu","b":"NFQ","z":"117014"},{"i":"210521","n":"本溪满族自治县","a":"本溪满族","y":"BenXiManZu","b":"BXMZ","z":"117100"},{"i":"210522","n":"桓仁满族自治县","a":"桓仁满族","y":"HuanRenManZu","b":"HRMZ","z":"117200"}]},{"i":"210600","n":"丹东市","a":"丹东","y":"DanDong","b":"DD","z":"118000","c":[{"i":"210602","n":"元宝区","a":"元宝区","y":"YuanBaoQu","b":"YBQ","z":"118000"},{"i":"210603","n":"振兴区","a":"振兴区","y":"ZhenXingQu","b":"ZXQ","z":"118002"},{"i":"210604","n":"振安区","a":"振安区","y":"ZhenAnQu","b":"ZAQ","z":"118001"},{"i":"210624","n":"宽甸满族自治县","a":"宽甸满族","y":"KuanDianManZu","b":"KDMZ","z":"118200"},{"i":"210681","n":"东港市","a":"东港","y":"DongGang","b":"DG","z":"118300"},{"i":"210682","n":"凤城市","a":"凤城","y":"FengCheng","b":"FC","z":"118100"}]},{"i":"210700","n":"锦州市","a":"锦州","y":"JinZhou","b":"JZ","z":"121000","c":[{"i":"210702","n":"古塔区","a":"古塔区","y":"GuTaQu","b":"GTQ","z":"121001"},{"i":"210703","n":"凌河区","a":"凌河区","y":"LingHeQu","b":"LHQ","z":"121000"},{"i":"210711","n":"太和区","a":"太和区","y":"TaiHeQu","b":"THQ","z":"121011"},{"i":"210726","n":"黑山县","a":"黑山","y":"HeiShan","b":"HS","z":"121400"},{"i":"210727","n":"义县","a":"义县","y":"YiXian","b":"YX","z":"121100"},{"i":"210781","n":"凌海市","a":"凌海","y":"LingHai","b":"LH","z":"121200"},{"i":"210782","n":"北镇市","a":"北镇","y":"BeiZhen","b":"BZ","z":"121300"}]},{"i":"210800","n":"营口市","a":"营口","y":"YingKou","b":"YK","z":"115000","c":[{"i":"210802","n":"站前区","a":"站前区","y":"ZhanQianQu","b":"ZQQ","z":"115002"},{"i":"210803","n":"西市区","a":"西市区","y":"XiShiQu","b":"XSQ","z":"115004"},{"i":"210804","n":"鲅鱼圈区","a":"鲅鱼圈区","y":"BaYuQuanQu","b":"BYQQ","z":"115007"},{"i":"210811","n":"老边区","a":"老边区","y":"LaoBianQu","b":"LBQ","z":"115005"},{"i":"210881","n":"盖州市","a":"盖州","y":"GaiZhou","b":"GZ","z":"115200"},{"i":"210882","n":"大石桥市","a":"大石桥","y":"DaShiQiao","b":"DSQ","z":"115100"}]},{"i":"210900","n":"阜新市","a":"阜新","y":"FuXin","b":"FX","z":"123000","c":[{"i":"210902","n":"海州区","a":"海州区","y":"HaiZhouQu","b":"HZQ","z":"123000"},{"i":"210903","n":"新邱区","a":"新邱区","y":"XinQiuQu","b":"XQQ","z":"123005"},{"i":"210904","n":"太平区","a":"太平区","y":"TaiPingQu","b":"TPQ","z":"123003"},{"i":"210905","n":"清河门区","a":"清河门区","y":"QingHeMenQu","b":"QHMQ","z":"123006"},{"i":"210911","n":"细河区","a":"细河区","y":"XiHeQu","b":"XHQ","z":"123000"},{"i":"210921","n":"阜新蒙古族自治县","a":"阜新蒙古族","y":"FuXinMengGuZu","b":"FXMGZ","z":"123100"},{"i":"210922","n":"彰武县","a":"彰武","y":"ZhangWu","b":"ZW","z":"123200"}]},{"i":"211000","n":"辽阳市","a":"辽阳","y":"LiaoYang","b":"LY","z":"111000","c":[{"i":"211002","n":"白塔区","a":"白塔区","y":"BaiTaQu","b":"BTQ","z":"111000"},{"i":"211003","n":"文圣区","a":"文圣区","y":"WenShengQu","b":"WSQ","z":"111000"},{"i":"211004","n":"宏伟区","a":"宏伟区","y":"HongWeiQu","b":"HWQ","z":"111003"},{"i":"211005","n":"弓长岭区","a":"弓长岭区","y":"GongZhangLingQu","b":"GZLQ","z":"111008"},{"i":"211011","n":"太子河区","a":"太子河区","y":"TaiZiHeQu","b":"TZHQ","z":"111000"},{"i":"211021","n":"辽阳县","a":"辽阳","y":"LiaoYang","b":"LY","z":"111200"},{"i":"211081","n":"灯塔市","a":"灯塔","y":"DengTa","b":"DT","z":"111300"}]},{"i":"211100","n":"盘锦市","a":"盘锦","y":"PanJin","b":"PJ","z":"124000","c":[{"i":"211102","n":"双台子区","a":"双台子区","y":"ShuangTaiZiQu","b":"STZQ","z":"124000"},{"i":"211103","n":"兴隆台区","a":"兴隆台区","y":"XingLongTaiQu","b":"XLTQ","z":"124010"},{"i":"211121","n":"大洼县","a":"大洼","y":"DaWa","b":"DW","z":"124000"},{"i":"211122","n":"盘山县","a":"盘山","y":"PanShan","b":"PS","z":"124100"}]},{"i":"211200","n":"铁岭市","a":"铁岭","y":"TieLing","b":"TL","z":"112000","c":[{"i":"211202","n":"银州区","a":"银州区","y":"YinZhouQu","b":"YZQ","z":"112000"},{"i":"211204","n":"清河区","a":"清河区","y":"QingHeQu","b":"QHQ","z":"112003"},{"i":"211221","n":"铁岭县","a":"铁岭","y":"TieLing","b":"TL","z":"112600"},{"i":"211223","n":"西丰县","a":"西丰","y":"XiFeng","b":"XF","z":"112400"},{"i":"211224","n":"昌图县","a":"昌图","y":"ChangTu","b":"CT","z":"112500"},{"i":"211281","n":"调兵山市","a":"调兵山","y":"DiaoBingShan","b":"DBS","z":"112700"},{"i":"211282","n":"开原市","a":"开原","y":"KaiYuan","b":"KY","z":"112300"}]},{"i":"211300","n":"朝阳市","a":"朝阳","y":"ChaoYang","b":"CY","z":"122000","c":[{"i":"211302","n":"双塔区","a":"双塔区","y":"ShuangTaQu","b":"STQ","z":"122000"},{"i":"211303","n":"龙城区","a":"龙城区","y":"LongChengQu","b":"LCQ","z":"122000"},{"i":"211321","n":"朝阳县","a":"朝阳","y":"ChaoYang","b":"CY","z":"122000"},{"i":"211322","n":"建平县","a":"建平","y":"JianPing","b":"JP","z":"122400"},{"i":"211324","n":"喀喇沁左翼蒙古族自治县","a":"喀喇沁左翼蒙古族","y":"KaLaQinZuoYiMengGuZu","b":"KLQZYMGZ","z":"122300"},{"i":"211381","n":"北票市","a":"北票","y":"BeiPiao","b":"BP","z":"122100"},{"i":"211382","n":"凌源市","a":"凌源","y":"LingYuan","b":"LY","z":"122500"}]},{"i":"211400","n":"葫芦岛市","a":"葫芦岛","y":"HuLuDao","b":"HLD","z":"125000","c":[{"i":"211402","n":"连山区","a":"连山区","y":"LianShanQu","b":"LSQ","z":"125001"},{"i":"211403","n":"龙港区","a":"龙港区","y":"LongGangQu","b":"LGQ","z":"125004"},{"i":"211404","n":"南票区","a":"南票区","y":"NanPiaoQu","b":"NPQ","z":"125027"},{"i":"211421","n":"绥中县","a":"绥中","y":"SuiZhong","b":"SZ","z":"125200"},{"i":"211422","n":"建昌县","a":"建昌","y":"JianChang","b":"JC","z":"125300"},{"i":"211481","n":"兴城市","a":"兴城","y":"XingCheng","b":"XC","z":"125100"}]}]