[{"i":"220100","n":"长春市","a":"长春","y":"ZhangChun","b":"ZC","z":"130000","c":[{"i":"220102","n":"南关区","a":"南关区","y":"NanGuanQu","b":"NGQ","z":"130022"},{"i":"220103","n":"宽城区","a":"宽城区","y":"KuanChengQu","b":"KCQ","z":"130051"},{"i":"220104","n":"朝阳区","a":"朝阳区","y":"ChaoYangQu","b":"CYQ","z":"130012"},{"i":"220105","n":"二道区","a":"二道区","y":"ErDaoQu","b":"EDQ","z":"130031"},{"i":"220106","n":"绿园区","a":"绿园区","y":"LvYuanQu","b":"LYQ","z":"130062"},{"i":"220112","n":"双阳区","a":"双阳区","y":"ShuangYangQu","b":"SYQ","z":"130600"},{"i":"220122","n":"农安县","a":"农安","y":"NongAn","b":"NA","z":"130200"},{"i":"220181","n":"九台市","a":"九台","y":"JiuTai","b":"JT","z":"130500"},{"i":"220182","n":"榆树市","a":"榆树","y":"YuShu","b":"YS","z":"130400"},{"i":"220183","n":"德惠市","a":"德惠","y":"DeHui","b":"DH","z":"130300"}]},{"i":"220200","n":"吉林市","a":"吉林","y":"JiLin","b":"JL","z":"132000","c":[{"i":"220202","n":"昌邑区","a":"昌邑区","y":"ChangYiQu","b":"CYQ","z":"132002"},{"i":"220203","n":"龙潭区","a":"龙潭区","y":"LongTanQu","b":"LTQ","z":"132021"},{"i":"220204","n":"船营区","a":"船营区","y":"ChuanYingQu","b":"CYQ","z":"132011"},{"i":"220211","n":"丰满区","a":"丰满区","y":"FengManQu","b":"FMQ","z":"132113"},{"i":"220221","n":"永吉县","a":"永吉","y":"YongJi","b":"YJ","z":"132100"},{"i":"220281","n":"蛟河市","a":"蛟河","y":"JiaoHe","b":"JH","z":"132500"},{"i":"220282","n":"桦甸市","a":"桦甸","y":"HuaDian","b":"HD","z":"132400"},{"i":"220283","n":"舒兰市","a":"舒兰","y":"ShuLan","b":"SL","z":"132600"},{"i":"220284","n":"磐石市","a":"磐石","y":"PanShi","b":"PS","z":"132300"}]},{"i":"220300","n":"四平市","a":"四平","y":"SiPing","b":"SP","z":"136000","c":[{"i":"220302","n":"铁西区","a":"铁西区","y":"TieXiQu","b":"TXQ","z":"136000"},{"i":"220303","n":"铁东区","a":"铁东区","y":"TieDongQu","b":"TDQ","z":"136001"},{"i":"220322","n":"梨树县","a":"梨树","y":"LiShu","b":"LS","z":"136500"},{"i":"220323","n":"伊通满族自治县","a":"伊通满族","y":"YiTongManZu","b":"YTMZ","z":"130700"},{"i":"220381","n":"公主岭市","a":"公主岭","y":"GongZhuLing","b":"GZL","z":"136100"},{"i":"220382","n":"双辽市","a":"双辽","y":"ShuangLiao","b":"SL","z":"136400"}]},{"i":"220400","n":"辽源市","a":"辽源","y":"LiaoYuan","b":"LY","z":"136200","c":[{"i":"220402","n":"龙山区","a":"龙山区","y":"LongShanQu","b":"LSQ","z":"136200"},{"i":"220403","n":"西安区","a":"西安区","y":"XiAnQu","b":"XAQ","z":"136201"},{"i":"220421","n":"东丰县","a":"东丰","y":"DongFeng","b":"DF","z":"136300"},{"i":"220422","n":"东辽县","a":"东辽","y":"DongLiao","b":"DL","z":"136600"}]},{"i":"220500","n":"通化市","a":"通化","y":"TongHua","b":"TH","z":"134000","c":[{"i":"220502","n":"东昌区","a":"东昌区","y":"DongChangQu","b":"DCQ","z":"134001"},{"i":"220503","n":"二道江区","a":"二道江区","y":"ErDaoJiangQu","b":"EDJQ","z":"134303"},{"i":"220521","n":"通化县","a":"通化","y":"TongHua","b":"TH","z":"134100"},{"i":"220523","n":"辉南县","a":"辉南","y":"HuiNan","b":"HN","z":"135100"},{"i":"220524","n":"柳河县","a":"柳河","y":"LiuHe","b":"LH","z":"135300"},{"i":"220581","n":"梅河口市","a":"梅河口","y":"MeiHeKou","b":"MHK","z":"135000"},{"i":"220582","n":"集安市","a":"集安","y":"JiAn","b":"JA","z":"134200"}]},{"i":"220600","n":"白山市","a":"白山","y":"BaiShan","b":"BS","z":"134300","c":[{"i":"220602","n":"浑江区","a":"浑江区","y":"HunJiangQu","b":"HJQ","z":"134300"},{"i":"220605","n":"江源区","a":"江源区","y":"JiangYuanQu","b":"JYQ","z":""},{"i":"220621","n":"抚松县","a":"抚松","y":"FuSong","b":"FS","z":"134500"},{"i":"220622","n":"靖宇县","a":"靖宇","y":"JingYu","b":"JY","z":"135200"},{"i":"220623","n":"长白朝鲜族自治县","a":"长白朝鲜族","y":"ZhangBaiChaoXianZu","b":"ZBCXZ","z":"134400"},{"i":"220681","n":"临江市","a":"临江","y":"LinJiang","b":"LJ","z":"134600"}]},{"i":"220700","n":"松原市","a":"松原","y":"SongYuan","b":"SY","z":"138000","c":[{"i":"220702","n":"宁江区","a":"宁江区","y":"NingJiangQu","b":"NJQ","z":"138000"},{"i":"220721","n":"前郭尔罗斯蒙古族自治县","a":"前郭尔罗斯蒙古族","y":"QianGuoErLuoSiMengGuZu","b":"QGELSMGZ","z":"131100"},{"i":"220722","n":"长岭县","a":"长岭","y":"ZhangLing","b":"ZL","z":"131500"},{"i":"220723","n":"乾安县","a":"乾安","y":"GanAn","b":"GA","z":"131400"},{"i":"220781","n":"扶余市","a":"扶余市","y":"FuYuShi","b":"FYS","z":"131200"}]},{"i":"220800","n":"白城市","a":"白城","y":"BaiCheng","b":"BC","z":"137000","c":[{"i":"220802","n":"洮北区","a":"洮北区","y":"TaoBeiQu","b":"TBQ","z":"137000"},{"i":"220821","n":"镇赉县","a":"镇赉","y":"ZhenLai","b":"ZL","z":"137300"},{"i":"220822","n":"通榆县","a":"通榆","y":"TongYu","b":"TY","z":"137200"},{"i":"220881","n":"洮南市","a":"洮南","y":"TaoNan","b":"TN","z":"137100"},{"i":"220882","n":"大安市","a":"大安","y":"DaAn","b":"DA","z":"131300"}]},{"i":"222400","n":"延边朝鲜族自治州","a":"延边朝鲜族","y":"YanBianChaoXianZu","b":"YBCXZ","z":"133000","c":[{"i":"222401","n":"延吉市","a":"延吉","y":"YanJi","b":"YJ","z":"133000"},{"i":"222402","n":"图们市","a":"图们","y":"TuMen","b":"TM","z":"133100"},{"i":"222403","n":"敦化市","a":"敦化","y":"DunHua","b":"DH","z":"133700"},{"i":"222404","n":"珲春市","a":"珲春","y":"HuiChun","b":"HC","z":"133300"},{"i":"222405","n":"龙井市","a":"龙井","y":"LongJing","b":"LJ","z":"133400"},{"i":"222406","n":"和龙市","a":"和龙","y":"HeLong","b":"HL","z":"133500"},{"i":"222424","n":"汪清县","a":"汪清","y":"WangQing","b":"WQ","z":"133200"},{"i":"222426","n":"安图县","a":"安图","y":"AnTu","b":"AT","z":"133600"}]}]