[{"i":"230100","n":"哈尔滨市","a":"哈尔滨","y":"HaErBin","b":"HEB","z":"150000","c":[{"i":"230102","n":"道里区","a":"道里区","y":"DaoLiQu","b":"DLQ","z":"150010"},{"i":"230103","n":"南岗区","a":"南岗区","y":"NanGangQu","b":"NGQ","z":"150006"},{"i":"230104","n":"道外区","a":"道外区","y":"DaoWaiQu","b":"DWQ","z":"150026"},{"i":"230108","n":"平房区","a":"平房区","y":"PingFangQu","b":"PFQ","z":"150060"},{"i":"230109","n":"松北区","a":"松北区","y":"SongBeiQu","b":"SBQ","z":"150028"},{"i":"230110","n":"香坊区","a":"香坊区","y":"XiangFangQu","b":"XFQ","z":""},{"i":"230111","n":"呼兰区","a":"呼兰区","y":"HuLanQu","b":"HLQ","z":"150500"},{"i":"230112","n":"阿城区","a":"阿城区","y":"AChengQu","b":"ACQ","z":""},{"i":"230123","n":"依兰县","a":"依兰","y":"YiLan","b":"YL","z":"154800"},{"i":"230124","n":"方正县","a":"方正","y":"FangZheng","b":"FZ","z":"150800"},{"i":"230125","n":"宾县","a":"宾县","y":"BinXian","b":"BX","z":"150400"},{"i":"230126","n":"巴彦县","a":"巴彦","y":"BaYan","b":"BY","z":"151800"},{"i":"230127","n":"木兰县","a":"木兰","y":"MuLan","b":"ML","z":"151900"},{"i":"230128","n":"通河县","a":"通河","y":"TongHe","b":"TH","z":"150900"},{"i":"230129","n":"延寿县","a":"延寿","y":"YanShou","b":"YS","z":"150700"},{"i":"230182","n":"双城市","a":"双城","y":"ShuangCheng","b":"SC","z":"150100"},{"i":"230183","n":"尚志市","a":"尚志","y":"ShangZhi","b":"SZ","z":"150600"},{"i":"230184","n":"五常市","a":"五常","y":"WuChang","b":"WC","z":"150200"}]},{"i":"230200","n":"齐齐哈尔市","a":"齐齐哈尔","y":"QiQiHaEr","b":"QQHE","z":"161000","c":[{"i":"230202","n":"龙沙区","a":"龙沙区","y":"LongShaQu","b":"LSQ","z":"161000"},{"i":"230203","n":"建华区","a":"建华区","y":"JianHuaQu","b":"JHQ","z":"161006"},{"i":"230204","n":"铁锋区","a":"铁锋区","y":"TieFengQu","b":"TFQ","z":"161000"},{"i":"230205","n":"昂昂溪区","a":"昂昂溪区","y":"AngAngXiQu","b":"AAXQ","z":"161031"},{"i":"230206","n":"富拉尔基区","a":"富拉尔基区","y":"FuLaErJiQu","b":"FLEJQ","z":"161041"},{"i":"230207","n":"碾子山区","a":"碾子山区","y":"NianZiShanQu","b":"NZSQ","z":"161046"},{"i":"230208","n":"梅里斯达斡尔族区","a":"梅里斯达斡尔族区","y":"MeiLiSiDaWoErZuQu","b":"MLSDWEZQ","z":"161021"},{"i":"230221","n":"龙江县","a":"龙江","y":"LongJiang","b":"LJ","z":"161100"},{"i":"230223","n":"依安县","a":"依安","y":"YiAn","b":"YA","z":"161500"},{"i":"230224","n":"泰来县","a":"泰来","y":"TaiLai","b":"TL","z":"162400"},{"i":"230225","n":"甘南县","a":"甘南","y":"GanNan","b":"GN","z":"162100"},{"i":"230227","n":"富裕县","a":"富裕","y":"FuYu","b":"FY","z":"161200"},{"i":"230229","n":"克山县","a":"克山","y":"KeShan","b":"KS","z":"161600"},{"i":"230230","n":"克东县","a":"克东","y":"KeDong","b":"KD","z":"164800"},{"i":"230231","n":"拜泉县","a":"拜泉","y":"BaiQuan","b":"BQ","z":"164700"},{"i":"230281","n":"讷河市","a":"讷河","y":"NeHe","b":"NH","z":"161300"}]},{"i":"230300","n":"鸡西市","a":"鸡西","y":"JiXi","b":"JX","z":"158100","c":[{"i":"230302","n":"鸡冠区","a":"鸡冠区","y":"JiGuanQu","b":"JGQ","z":"158100"},{"i":"230303","n":"恒山区","a":"恒山区","y":"HengShanQu","b":"HSQ","z":"158130"},{"i":"230304","n":"滴道区","a":"滴道区","y":"DiDaoQu","b":"DDQ","z":"158150"},{"i":"230305","n":"梨树区","a":"梨树区","y":"LiShuQu","b":"LSQ","z":"158160"},{"i":"230306","n":"城子河区","a":"城子河区","y":"ChengZiHeQu","b":"CZHQ","z":"158170"},{"i":"230307","n":"麻山区","a":"麻山区","y":"MaShanQu","b":"MSQ","z":"158180"},{"i":"230321","n":"鸡东县","a":"鸡东","y":"JiDong","b":"JD","z":"158200"},{"i":"230381","n":"虎林市","a":"虎林","y":"HuLin","b":"HL","z":"158400"},{"i":"230382","n":"密山市","a":"密山","y":"MiShan","b":"MS","z":"158300"}]},{"i":"230400","n":"鹤岗市","a":"鹤岗","y":"HeGang","b":"HG","z":"154100","c":[{"i":"230402","n":"向阳区","a":"向阳区","y":"XiangYangQu","b":"XYQ","z":"154100"},{"i":"230403","n":"工农区","a":"工农区","y":"GongNongQu","b":"GNQ","z":"154101"},{"i":"230404","n":"南山区","a":"南山区","y":"NanShanQu","b":"NSQ","z":"154104"},{"i":"230405","n":"兴安区","a":"兴安区","y":"XingAnQu","b":"XAQ","z":"154102"},{"i":"230406","n":"东山区","a":"东山区","y":"DongShanQu","b":"DSQ","z":"154106"},{"i":"230407","n":"兴山区","a":"兴山区","y":"XingShanQu","b":"XSQ","z":"154105"},{"i":"230421","n":"萝北县","a":"萝北","y":"LuoBei","b":"LB","z":"154200"},{"i":"230422","n":"绥滨县","a":"绥滨","y":"SuiBin","b":"SB","z":"156200"}]},{"i":"230500","n":"双鸭山市","a":"双鸭山","y":"ShuangYaShan","b":"SYS","z":"155100","c":[{"i":"230502","n":"尖山区","a":"尖山区","y":"JianShanQu","b":"JSQ","z":"155100"},{"i":"230503","n":"岭东区","a":"岭东区","y":"LingDongQu","b":"LDQ","z":"155120"},{"i":"230505","n":"四方台区","a":"四方台区","y":"SiFangTaiQu","b":"SFTQ","z":"155130"},{"i":"230506","n":"宝山区","a":"宝山区","y":"BaoShanQu","b":"BSQ","z":"155131"},{"i":"230521","n":"集贤县","a":"集贤","y":"JiXian","b":"JX","z":"155900"},{"i":"230522","n":"友谊县","a":"友谊","y":"YouYi","b":"YY","z":"155800"},{"i":"230523","n":"宝清县","a":"宝清","y":"BaoQing","b":"BQ","z":"155600"},{"i":"230524","n":"饶河县","a":"饶河","y":"RaoHe","b":"RH","z":"155700"}]},{"i":"230600","n":"大庆市","a":"大庆","y":"DaQing","b":"DQ","z":"163000","c":[{"i":"230602","n":"萨尔图区","a":"萨尔图区","y":"SaErTuQu","b":"SETQ","z":"163311"},{"i":"230603","n":"龙凤区","a":"龙凤区","y":"LongFengQu","b":"LFQ","z":"163711"},{"i":"230604","n":"让胡路区","a":"让胡路区","y":"RangHuLuQu","b":"RHLQ","z":"163453"},{"i":"230605","n":"红岗区","a":"红岗区","y":"HongGangQu","b":"HGQ","z":"163512"},{"i":"230606","n":"大同区","a":"大同区","y":"DaTongQu","b":"DTQ","z":"163814"},{"i":"230621","n":"肇州县","a":"肇州","y":"ZhaoZhou","b":"ZZ","z":"166400"},{"i":"230622","n":"肇源县","a":"肇源","y":"ZhaoYuan","b":"ZY","z":"166500"},{"i":"230623","n":"林甸县","a":"林甸","y":"LinDian","b":"LD","z":"166300"},{"i":"230624","n":"杜尔伯特蒙古族自治县","a":"杜尔伯特蒙古族","y":"DuErBoTeMengGuZu","b":"DEBTMGZ","z":"166200"}]},{"i":"230700","n":"伊春市","a":"伊春","y":"YiChun","b":"YC","z":"153000","c":[{"i":"230702","n":"伊春区","a":"伊春区","y":"YiChunQu","b":"YCQ","z":"153000"},{"i":"230703","n":"南岔区","a":"南岔区","y":"NanChaQu","b":"NCQ","z":"153100"},{"i":"230704","n":"友好区","a":"友好区","y":"YouHaoQu","b":"YHQ","z":"153031"},{"i":"230705","n":"西林区","a":"西林区","y":"XiLinQu","b":"XLQ","z":"153025"},{"i":"230706","n":"翠峦区","a":"翠峦区","y":"CuiLuanQu","b":"CLQ","z":"153013"},{"i":"230707","n":"新青区","a":"新青区","y":"XinQingQu","b":"XQQ","z":"153036"},{"i":"230708","n":"美溪区","a":"美溪区","y":"MeiXiQu","b":"MXQ","z":"153021"},{"i":"230709","n":"金山屯区","a":"金山屯区","y":"JinShanTunQu","b":"JSTQ","z":"152026"},{"i":"230710","n":"五营区","a":"五营区","y":"WuYingQu","b":"WYQ","z":"153033"},{"i":"230711","n":"乌马河区","a":"乌马河区","y":"WuMaHeQu","b":"WMHQ","z":"153011"},{"i":"230712","n":"汤旺河区","a":"汤旺河区","y":"TangWangHeQu","b":"TWHQ","z":"153037"},{"i":"230713","n":"带岭区","a":"带岭区","y":"DaiLingQu","b":"DLQ","z":"153106"},{"i":"230714","n":"乌伊岭区","a":"乌伊岭区","y":"WuYiLingQu","b":"WYLQ","z":"153038"},{"i":"230715","n":"红星区","a":"红星区","y":"HongXingQu","b":"HXQ","z":"153035"},{"i":"230716","n":"上甘岭区","a":"上甘岭区","y":"ShangGanLingQu","b":"SGLQ","z":"153032"},{"i":"230722","n":"嘉荫县","a":"嘉荫","y":"JiaYin","b":"JY","z":"153200"},{"i":"230781","n":"铁力市","a":"铁力","y":"TieLi","b":"TL","z":"152500"}]},{"i":"230800","n":"佳木斯市","a":"佳木斯","y":"JiaMuSi","b":"JMS","z":"154000","c":[{"i":"230803","n":"向阳区","a":"向阳区","y":"XiangYangQu","b":"XYQ","z":"154002"},{"i":"230804","n":"前进区","a":"前进区","y":"QianJinQu","b":"QJQ","z":"154002"},{"i":"230805","n":"东风区","a":"东风区","y":"DongFengQu","b":"DFQ","z":"154005"},{"i":"230811","n":"郊区","a":"郊区","y":"JiaoQu","b":"JQ","z":"154004"},{"i":"230822","n":"桦南县","a":"桦南","y":"HuaNan","b":"HN","z":"154400"},{"i":"230826","n":"桦川县","a":"桦川","y":"HuaChuan","b":"HC","z":"154300"},{"i":"230828","n":"汤原县","a":"汤原","y":"TangYuan","b":"TY","z":"154700"},{"i":"230833","n":"抚远县","a":"抚远","y":"FuYuan","b":"FY","z":"156500"},{"i":"230881","n":"同江市","a":"同江","y":"TongJiang","b":"TJ","z":"156400"},{"i":"230882","n":"富锦市","a":"富锦","y":"FuJin","b":"FJ","z":"156100"}]},{"i":"230900","n":"七台河市","a":"七台河","y":"QiTaiHe","b":"QTH","z":"154600","c":[{"i":"230902","n":"新兴区","a":"新兴区","y":"XinXingQu","b":"XXQ","z":"154604"},{"i":"230903","n":"桃山区","a":"桃山区","y":"TaoShanQu","b":"TSQ","z":"154600"},{"i":"230904","n":"茄子河区","a":"茄子河区","y":"JiaZiHeQu","b":"JZHQ","z":"154622"},{"i":"230921","n":"勃利县","a":"勃利","y":"BoLi","b":"BL","z":"154500"}]},{"i":"231081","n":"绥芬河市","a":"绥芬河","y":"SuiFenHe","b":"SFH","z":"157300"},{"i":"231100","n":"黑河市","a":"黑河","y":"HeiHe","b":"HH","z":"164300","c":[{"i":"231102","n":"爱辉区","a":"爱辉区","y":"AiHuiQu","b":"AHQ","z":"164300"},{"i":"231121","n":"嫩江县","a":"嫩江","y":"NenJiang","b":"NJ","z":"161400"},{"i":"231123","n":"逊克县","a":"逊克","y":"XunKe","b":"XK","z":"164400"},{"i":"231124","n":"孙吴县","a":"孙吴","y":"SunWu","b":"SW","z":"164200"},{"i":"231181","n":"北安市","a":"北安","y":"BeiAn","b":"BA","z":"164000"},{"i":"231182","n":"五大连池市","a":"五大连池","y":"WuDaLianChi","b":"WDLC","z":"164100"}]},{"i":"231200","n":"绥化市","a":"绥化","y":"SuiHua","b":"SH","z":"152000","c":[{"i":"231202","n":"北林区","a":"北林区","y":"BeiLinQu","b":"BLQ","z":"152000"},{"i":"231221","n":"望奎县","a":"望奎","y":"WangKui","b":"WK","z":"152100"},{"i":"231222","n":"兰西县","a":"兰西","y":"LanXi","b":"LX","z":"151500"},{"i":"231223","n":"青冈县","a":"青冈","y":"QingGang","b":"QG","z":"151600"},{"i":"231224","n":"庆安县","a":"庆安","y":"QingAn","b":"QA","z":"152400"},{"i":"231225","n":"明水县","a":"明水","y":"MingShui","b":"MS","z":"151700"},{"i":"231226","n":"绥棱县","a":"绥棱","y":"SuiLeng","b":"SL","z":"152200"},{"i":"231281","n":"安达市","a":"安达","y":"AnDa","b":"AD","z":"151400"},{"i":"231282","n":"肇东市","a":"肇东","y":"ZhaoDong","b":"ZD","z":"151100"},{"i":"231283","n":"海伦市","a":"海伦","y":"HaiLun","b":"HL","z":"152300"}]},{"i":"232700","n":"大兴安岭地区","a":"大兴安岭地区","y":"DaXingAnLingDeQu","b":"DXALDQ","z":"165000","c":[{"i":"232721","n":"呼玛县","a":"呼玛","y":"HuMa","b":"HM","z":"165100"},{"i":"232722","n":"塔河县","a":"塔河","y":"TaHe","b":"TH","z":"165200"},{"i":"232723","n":"漠河县","a":"漠河","y":"MoHe","b":"MH","z":"165300"}]}]