[{"i":"310101","n":"黄浦区","a":"黄浦区","y":"HuangPuQu","b":"HPQ","z":"200001"},{"i":"310104","n":"徐汇区","a":"徐汇区","y":"XuHuiQu","b":"XHQ","z":"200030"},{"i":"310105","n":"长宁区","a":"长宁区","y":"ZhangNingQu","b":"ZNQ","z":"200050"},{"i":"310106","n":"静安区","a":"静安区","y":"JingAnQu","b":"JAQ","z":"200040"},{"i":"310107","n":"普陀区","a":"普陀区","y":"PuTuoQu","b":"PTQ","z":"200062"},{"i":"310108","n":"闸北区","a":"闸北区","y":"ZhaBeiQu","b":"ZBQ","z":"200070"},{"i":"310109","n":"虹口区","a":"虹口区","y":"HongKouQu","b":"HKQ","z":"200080"},{"i":"310110","n":"杨浦区","a":"杨浦区","y":"YangPuQu","b":"YPQ","z":"200082"},{"i":"310112","n":"闵行区","a":"闵行区","y":"MinXingQu","b":"MXQ","z":"201100"},{"i":"310113","n":"宝山区","a":"宝山区","y":"BaoShanQu","b":"BSQ","z":"201900"},{"i":"310114","n":"嘉定区","a":"嘉定区","y":"JiaDingQu","b":"JDQ","z":"201800"},{"i":"310115","n":"浦东新区","a":"浦东新区","y":"PuDongXinQu","b":"PDXQ","z":"200120"},{"i":"310116","n":"金山区","a":"金山区","y":"JinShanQu","b":"JSQ","z":"201540"},{"i":"310117","n":"松江区","a":"松江区","y":"SongJiangQu","b":"SJQ","z":"201600"},{"i":"310118","n":"青浦区","a":"青浦区","y":"QingPuQu","b":"QPQ","z":"201700"},{"i":"310120","n":"奉贤区","a":"奉贤区","y":"FengXianQu","b":"FXQ","z":"201400"},{"i":"310230","n":"崇明县","a":"崇明","y":"ChongMing","b":"CM","z":"202150"}]