[{"i":"320100","n":"南京市","a":"南京","y":"NanJing","b":"NJ","z":"210000","c":[{"i":"320102","n":"玄武区","a":"玄武区","y":"XuanWuQu","b":"XWQ","z":"210018"},{"i":"320104","n":"秦淮区","a":"秦淮区","y":"QinHuaiQu","b":"QHQ","z":"210001"},{"i":"320105","n":"建邺区","a":"建邺区","y":"JianYeQu","b":"JYQ","z":"210004"},{"i":"320106","n":"鼓楼区","a":"鼓楼区","y":"GuLouQu","b":"GLQ","z":"210009"},{"i":"320111","n":"浦口区","a":"浦口区","y":"PuKouQu","b":"PKQ","z":"211800"},{"i":"320113","n":"栖霞区","a":"栖霞区","y":"QiXiaQu","b":"QXQ","z":"210046"},{"i":"320114","n":"雨花台区","a":"雨花台区","y":"YuHuaTaiQu","b":"YHTQ","z":"210012"},{"i":"320115","n":"江宁区","a":"江宁区","y":"JiangNingQu","b":"JNQ","z":"211100"},{"i":"320116","n":"六合区","a":"六合区","y":"LiuHeQu","b":"LHQ","z":"211500"},{"i":"320117","n":"溧水区","a":"溧水区","y":"LiShuiQu","b":"LSQ","z":"211200"},{"i":"320118","n":"高淳区","a":"高淳区","y":"GaoChunQu","b":"GCQ","z":"211300"}]},{"i":"320200","n":"无锡市","a":"无锡","y":"WuXi","b":"WX","z":"214000","c":[{"i":"320202","n":"崇安区","a":"崇安区","y":"ChongAnQu","b":"CAQ","z":"214002"},{"i":"320203","n":"南长区","a":"南长区","y":"NanZhangQu","b":"NZQ","z":"214021"},{"i":"320204","n":"北塘区","a":"北塘区","y":"BeiTangQu","b":"BTQ","z":"214044"},{"i":"320205","n":"锡山区","a":"锡山区","y":"XiShanQu","b":"XSQ","z":"214101"},{"i":"320206","n":"惠山区","a":"惠山区","y":"HuiShanQu","b":"HSQ","z":"214187"},{"i":"320211","n":"滨湖区","a":"滨湖区","y":"BinHuQu","b":"BHQ","z":"214062"},{"i":"320281","n":"江阴市","a":"江阴","y":"JiangYin","b":"JY","z":"214400"},{"i":"320282","n":"宜兴市","a":"宜兴","y":"YiXing","b":"YX","z":"214200"}]},{"i":"320300","n":"徐州市","a":"徐州","y":"XuZhou","b":"XZ","z":"221000","c":[{"i":"320302","n":"鼓楼区","a":"鼓楼区","y":"GuLouQu","b":"GLQ","z":"220005"},{"i":"320303","n":"云龙区","a":"云龙区","y":"YunLongQu","b":"YLQ","z":"220009"},{"i":"320305","n":"贾汪区","a":"贾汪区","y":"JiaWangQu","b":"JWQ","z":"220011"},{"i":"320311","n":"泉山区","a":"泉山区","y":"QuanShanQu","b":"QSQ","z":"220006"},{"i":"320312","n":"铜山区","a":"铜山区","y":"TongShanQu","b":"TSQ","z":""},{"i":"320321","n":"丰县","a":"丰县","y":"FengXian","b":"FX","z":"221700"},{"i":"320322","n":"沛县","a":"沛县","y":"PeiXian","b":"PX","z":"221600"},{"i":"320324","n":"睢宁县","a":"睢宁","y":"SuiNing","b":"SN","z":"221200"},{"i":"320381","n":"新沂市","a":"新沂","y":"XinYi","b":"XY","z":"221400"},{"i":"320382","n":"邳州市","a":"邳州","y":"PiZhou","b":"PZ","z":"221300"}]},{"i":"320400","n":"常州市","a":"常州","y":"ChangZhou","b":"CZ","z":"213000","c":[{"i":"320402","n":"天宁区","a":"天宁区","y":"TianNingQu","b":"TNQ","z":"213003"},{"i":"320404","n":"钟楼区","a":"钟楼区","y":"ZhongLouQu","b":"ZLQ","z":"213002"},{"i":"320405","n":"戚墅堰区","a":"戚墅堰区","y":"QiShuYanQu","b":"QSYQ","z":"213011"},{"i":"320411","n":"新北区","a":"新北区","y":"XinBeiQu","b":"XBQ","z":"213001"},{"i":"320412","n":"武进区","a":"武进区","y":"WuJinQu","b":"WJQ","z":"213161"},{"i":"320481","n":"溧阳市","a":"溧阳","y":"LiYang","b":"LY","z":"213300"},{"i":"320482","n":"金坛市","a":"金坛","y":"JinTan","b":"JT","z":"213200"}]},{"i":"320500","n":"苏州市","a":"苏州","y":"SuZhou","b":"SZ","z":"215000","c":[{"i":"320505","n":"虎丘区","a":"虎丘区","y":"HuQiuQu","b":"HQQ","z":"215004"},{"i":"320506","n":"吴中区","a":"吴中区","y":"WuZhongQu","b":"WZQ","z":"215128"},{"i":"320507","n":"相城区","a":"相城区","y":"XiangChengQu","b":"XCQ","z":"215131"},{"i":"320508","n":"姑苏区","a":"姑苏区","y":"GuSuQu","b":"GSQ","z":""},{"i":"320509","n":"吴江区","a":"吴江区","y":"WuJiangQu","b":"WJQ","z":""},{"i":"320581","n":"常熟市","a":"常熟","y":"ChangShu","b":"CS","z":"215500"},{"i":"320582","n":"张家港市","a":"张家港","y":"ZhangJiaGang","b":"ZJG","z":"215600"},{"i":"320583","n":"昆山市","a":"昆山","y":"KunShan","b":"KS","z":"215300"},{"i":"320585","n":"太仓市","a":"太仓","y":"TaiCang","b":"TC","z":"215400"}]},{"i":"320600","n":"南通市","a":"南通","y":"NanTong","b":"NT","z":"226000","c":[{"i":"320602","n":"崇川区","a":"崇川区","y":"ChongChuanQu","b":"CCQ","z":"226001"},{"i":"320611","n":"港闸区","a":"港闸区","y":"GangZhaQu","b":"GZQ","z":"226001"},{"i":"320612","n":"通州区","a":"通州区","y":"TongZhouQu","b":"TZQ","z":"226321"},{"i":"320621","n":"海安县","a":"海安","y":"HaiAn","b":"HA","z":"226600"},{"i":"320623","n":"如东县","a":"如东","y":"RuDong","b":"RD","z":"226400"},{"i":"320681","n":"启东市","a":"启东","y":"QiDong","b":"QD","z":"226200"},{"i":"320682","n":"如皋市","a":"如皋","y":"RuGao","b":"RG","z":"226500"},{"i":"320684","n":"海门市","a":"海门","y":"HaiMen","b":"HM","z":"226100"}]},{"i":"320700","n":"连云港市","a":"连云港","y":"LianYunGang","b":"LYG","z":"222000","c":[{"i":"320703","n":"连云区","a":"连云区","y":"LianYunQu","b":"LYQ","z":"222042"},{"i":"320705","n":"新浦区","a":"新浦区","y":"XinPuQu","b":"XPQ","z":"222003"},{"i":"320706","n":"海州区","a":"海州区","y":"HaiZhouQu","b":"HZQ","z":"222023"},{"i":"320721","n":"赣榆县","a":"赣榆","y":"GanYu","b":"GY","z":"222100"},{"i":"320722","n":"东海县","a":"东海","y":"DongHai","b":"DH","z":"222300"},{"i":"320723","n":"灌云县","a":"灌云","y":"GuanYun","b":"GY","z":"222200"},{"i":"320724","n":"灌南县","a":"灌南","y":"GuanNan","b":"GN","z":"222500"}]},{"i":"320800","n":"淮安市","a":"淮安","y":"HuaiAn","b":"HA","z":"223200","c":[{"i":"320802","n":"清河区","a":"清河区","y":"QingHeQu","b":"QHQ","z":"223001"},{"i":"320803","n":"淮安区","a":"淮安区","y":"HuaiAnQu","b":"HAQ","z":"223200"},{"i":"320804","n":"淮阴区","a":"淮阴区","y":"HuaiYinQu","b":"HYQ","z":"223000"},{"i":"320811","n":"清浦区","a":"清浦区","y":"QingPuQu","b":"QPQ","z":"223002"},{"i":"320826","n":"涟水县","a":"涟水","y":"LianShui","b":"LS","z":"223400"},{"i":"320829","n":"洪泽县","a":"洪泽","y":"HongZe","b":"HZ","z":"223100"},{"i":"320830","n":"盱眙县","a":"盱眙","y":"XuYi","b":"XY","z":"211700"},{"i":"320831","n":"金湖县","a":"金湖","y":"JinHu","b":"JH","z":"211600"}]},{"i":"320900","n":"盐城市","a":"盐城","y":"YanCheng","b":"YC","z":"224000","c":[{"i":"320902","n":"亭湖区","a":"亭湖区","y":"TingHuQu","b":"THQ","z":"224005"},{"i":"320903","n":"盐都区","a":"盐都区","y":"YanDouQu","b":"YDQ","z":"224055"},{"i":"320921","n":"响水县","a":"响水","y":"XiangShui","b":"XS","z":"224600"},{"i":"320922","n":"滨海县","a":"滨海","y":"BinHai","b":"BH","z":"224500"},{"i":"320923","n":"阜宁县","a":"阜宁","y":"FuNing","b":"FN","z":"224400"},{"i":"320924","n":"射阳县","a":"射阳","y":"SheYang","b":"SY","z":"224300"},{"i":"320925","n":"建湖县","a":"建湖","y":"JianHu","b":"JH","z":"224700"},{"i":"320981","n":"东台市","a":"东台","y":"DongTai","b":"DT","z":"224200"},{"i":"320982","n":"大丰市","a":"大丰","y":"DaFeng","b":"DF","z":"224100"}]},{"i":"321000","n":"扬州市","a":"扬州","y":"YangZhou","b":"YZ","z":"225000","c":[{"i":"321002","n":"广陵区","a":"广陵区","y":"GuangLingQu","b":"GLQ","z":"225002"},{"i":"321003","n":"邗江区","a":"邗江区","y":"HanJiangQu","b":"HJQ","z":"225100"},{"i":"321012","n":"江都区","a":"江都区","y":"JiangDouQu","b":"JDQ","z":""},{"i":"321023","n":"宝应县","a":"宝应","y":"BaoYing","b":"BY","z":"225800"},{"i":"321081","n":"仪征市","a":"仪征","y":"YiZheng","b":"YZ","z":"211400"},{"i":"321084","n":"高邮市","a":"高邮","y":"GaoYou","b":"GY","z":"225600"}]},{"i":"321100","n":"镇江市","a":"镇江","y":"ZhenJiang","b":"ZJ","z":"212000","c":[{"i":"321102","n":"京口区","a":"京口区","y":"JingKouQu","b":"JKQ","z":"212001"},{"i":"321111","n":"润州区","a":"润州区","y":"RunZhouQu","b":"RZQ","z":"212004"},{"i":"321112","n":"丹徒区","a":"丹徒区","y":"DanTuQu","b":"DTQ","z":"212001"},{"i":"321181","n":"丹阳市","a":"丹阳","y":"DanYang","b":"DY","z":"212300"},{"i":"321182","n":"扬中市","a":"扬中","y":"YangZhong","b":"YZ","z":"212200"},{"i":"321183","n":"句容市","a":"句容","y":"JuRong","b":"JR","z":"212400"}]},{"i":"321300","n":"宿迁市","a":"宿迁","y":"SuQian","b":"SQ","z":"223800","c":[{"i":"321302","n":"宿城区","a":"宿城区","y":"SuChengQu","b":"SCQ","z":"223800"},{"i":"321311","n":"宿豫区","a":"宿豫区","y":"SuYuQu","b":"SYQ","z":"223800"},{"i":"321322","n":"沭阳县","a":"沭阳","y":"ShuYang","b":"SY","z":"223600"},{"i":"321323","n":"泗阳县","a":"泗阳","y":"SiYang","b":"SY","z":"223700"},{"i":"321324","n":"泗洪县","a":"泗洪","y":"SiHong","b":"SH","z":"223900"}]}]