[{"i":"330100","n":"杭州市","a":"杭州","y":"HangZhou","b":"HZ","z":"310000","c":[{"i":"330102","n":"上城区","a":"上城区","y":"ShangChengQu","b":"SCQ","z":"311500"},{"i":"330103","n":"下城区","a":"下城区","y":"XiaChengQu","b":"XCQ","z":"310006"},{"i":"330104","n":"江干区","a":"江干区","y":"JiangGanQu","b":"JGQ","z":"310002"},{"i":"330105","n":"拱墅区","a":"拱墅区","y":"GongShuQu","b":"GSQ","z":"310011"},{"i":"330106","n":"西湖区","a":"西湖区","y":"XiHuQu","b":"XHQ","z":"310013"},{"i":"330108","n":"滨江区","a":"滨江区","y":"BinJiangQu","b":"BJQ","z":"310051"},{"i":"330109","n":"萧山区","a":"萧山区","y":"XiaoShanQu","b":"XSQ","z":"311200"},{"i":"330110","n":"余杭区","a":"余杭区","y":"YuHangQu","b":"YHQ","z":"311100"},{"i":"330122","n":"桐庐县","a":"桐庐","y":"TongLu","b":"TL","z":"311500"},{"i":"330127","n":"淳安县","a":"淳安","y":"ChunAn","b":"CA","z":"311700"},{"i":"330182","n":"建德市","a":"建德","y":"JianDe","b":"JD","z":"311600"},{"i":"330183","n":"富阳市","a":"富阳","y":"FuYang","b":"FY","z":"311400"},{"i":"330185","n":"临安市","a":"临安","y":"LinAn","b":"LA","z":"311300"}]},{"i":"330200","n":"宁波市","a":"宁波","y":"NingBo","b":"NB","z":"315000","c":[{"i":"330203","n":"海曙区","a":"海曙区","y":"HaiShuQu","b":"HSQ","z":"315000"},{"i":"330204","n":"江东区","a":"江东区","y":"JiangDongQu","b":"JDQ","z":"315040"},{"i":"330205","n":"江北区","a":"江北区","y":"JiangBeiQu","b":"JBQ","z":"315020"},{"i":"330206","n":"北仑区","a":"北仑区","y":"BeiLunQu","b":"BLQ","z":"315800"},{"i":"330211","n":"镇海区","a":"镇海区","y":"ZhenHaiQu","b":"ZHQ","z":"315200"},{"i":"330212","n":"鄞州区","a":"鄞州区","y":"YinZhouQu","b":"YZQ","z":"315100"},{"i":"330225","n":"象山县","a":"象山","y":"XiangShan","b":"XS","z":"315700"},{"i":"330226","n":"宁海县","a":"宁海","y":"NingHai","b":"NH","z":"315600"},{"i":"330281","n":"余姚市","a":"余姚","y":"YuYao","b":"YY","z":"315400"},{"i":"330282","n":"慈溪市","a":"慈溪","y":"CiXi","b":"CX","z":"315300"},{"i":"330283","n":"奉化市","a":"奉化","y":"FengHua","b":"FH","z":"315500"}]},{"i":"330300","n":"温州市","a":"温州","y":"WenZhou","b":"WZ","z":"325000","c":[{"i":"330302","n":"鹿城区","a":"鹿城区","y":"LuChengQu","b":"LCQ","z":"325000"},{"i":"330303","n":"龙湾区","a":"龙湾区","y":"LongWanQu","b":"LWQ","z":"325024"},{"i":"330304","n":"瓯海区","a":"瓯海区","y":"OuHaiQu","b":"OHQ","z":"325005"},{"i":"330322","n":"洞头县","a":"洞头","y":"DongTou","b":"DT","z":"325700"},{"i":"330324","n":"永嘉县","a":"永嘉","y":"YongJia","b":"YJ","z":"325100"},{"i":"330326","n":"平阳县","a":"平阳","y":"PingYang","b":"PY","z":"325400"},{"i":"330327","n":"苍南县","a":"苍南","y":"CangNan","b":"CN","z":"325800"},{"i":"330328","n":"文成县","a":"文成","y":"WenCheng","b":"WC","z":"325300"},{"i":"330329","n":"泰顺县","a":"泰顺","y":"TaiShun","b":"TS","z":"325500"},{"i":"330381","n":"瑞安市","a":"瑞安","y":"RuiAn","b":"RA","z":"325200"},{"i":"330382","n":"乐清市","a":"乐清","y":"LeQing","b":"LQ","z":"325600"}]},{"i":"330400","n":"嘉兴市","a":"嘉兴","y":"JiaXing","b":"JX","z":"314000","c":[{"i":"330402","n":"南湖区","a":"南湖区","y":"NanHuQu","b":"NHQ","z":"314000"},{"i":"330411","n":"秀洲区","a":"秀洲区","y":"XiuZhouQu","b":"XZQ","z":"314001"},{"i":"330421","n":"嘉善县","a":"嘉善","y":"JiaShan","b":"JS","z":"314100"},{"i":"330424","n":"海盐县","a":"海盐","y":"HaiYan","b":"HY","z":"314300"},{"i":"330481","n":"海宁市","a":"海宁","y":"HaiNing","b":"HN","z":"314400"},{"i":"330482","n":"平湖市","a":"平湖","y":"PingHu","b":"PH","z":"314200"},{"i":"330483","n":"桐乡市","a":"桐乡","y":"TongXiang","b":"TX","z":"314500"}]},{"i":"330500","n":"湖州市","a":"湖州","y":"HuZhou","b":"HZ","z":"313000","c":[{"i":"330502","n":"吴兴区","a":"吴兴区","y":"WuXingQu","b":"WXQ","z":"313000"},{"i":"330503","n":"南浔区","a":"南浔区","y":"NanXunQu","b":"NXQ","z":"313009"},{"i":"330521","n":"德清县","a":"德清","y":"DeQing","b":"DQ","z":"313200"},{"i":"330522","n":"长兴县","a":"长兴","y":"ZhangXing","b":"ZX","z":"313100"},{"i":"330523","n":"安吉县","a":"安吉","y":"AnJi","b":"AJ","z":"313300"}]},{"i":"330600","n":"绍兴市","a":"绍兴","y":"ShaoXing","b":"SX","z":"312000","c":[{"i":"330602","n":"越城区","a":"越城区","y":"YueChengQu","b":"YCQ","z":"312000"},{"i":"330621","n":"绍兴县","a":"绍兴","y":"ShaoXing","b":"SX","z":"312000"},{"i":"330624","n":"新昌县","a":"新昌","y":"XinChang","b":"XC","z":"312500"},{"i":"330681","n":"诸暨市","a":"诸暨","y":"ZhuJi","b":"ZJ","z":"311800"},{"i":"330682","n":"上虞市","a":"上虞","y":"ShangYu","b":"SY","z":"312300"},{"i":"330683","n":"嵊州市","a":"嵊州","y":"ShengZhou","b":"SZ","z":"312400"}]},{"i":"330700","n":"金华市","a":"金华","y":"JinHua","b":"JH","z":"321000","c":[{"i":"330702","n":"婺城区","a":"婺城区","y":"WuChengQu","b":"WCQ","z":"321051"},{"i":"330703","n":"金东区","a":"金东区","y":"JinDongQu","b":"JDQ","z":"321002"},{"i":"330723","n":"武义县","a":"武义","y":"WuYi","b":"WY","z":"321200"},{"i":"330726","n":"浦江县","a":"浦江","y":"PuJiang","b":"PJ","z":"322200"},{"i":"330727","n":"磐安县","a":"磐安","y":"PanAn","b":"PA","z":"322300"},{"i":"330781","n":"兰溪市","a":"兰溪","y":"LanXi","b":"LX","z":"321100"},{"i":"330782","n":"义乌市","a":"义乌","y":"YiWu","b":"YW","z":"322000"},{"i":"330783","n":"东阳市","a":"东阳","y":"DongYang","b":"DY","z":"322100"},{"i":"330784","n":"永康市","a":"永康","y":"YongKang","b":"YK","z":"321300"}]},{"i":"330800","n":"衢州市","a":"衢州","y":"QuZhou","b":"QZ","z":"324000","c":[{"i":"330802","n":"柯城区","a":"柯城区","y":"KeChengQu","b":"KCQ","z":"324000"},{"i":"330803","n":"衢江区","a":"衢江区","y":"QuJiangQu","b":"QJQ","z":"324000"},{"i":"330822","n":"常山县","a":"常山","y":"ChangShan","b":"CS","z":"324200"},{"i":"330824","n":"开化县","a":"开化","y":"KaiHua","b":"KH","z":"324300"},{"i":"330825","n":"龙游县","a":"龙游","y":"LongYou","b":"LY","z":"324400"},{"i":"330881","n":"江山市","a":"江山","y":"JiangShan","b":"JS","z":"324100"}]},{"i":"330900","n":"舟山市","a":"舟山","y":"ZhouShan","b":"ZS","z":"316000","c":[{"i":"330902","n":"定海区","a":"定海区","y":"DingHaiQu","b":"DHQ","z":"316000"},{"i":"330903","n":"普陀区","a":"普陀区","y":"PuTuoQu","b":"PTQ","z":"316100"},{"i":"330921","n":"岱山县","a":"岱山","y":"DaiShan","b":"DS","z":"316200"},{"i":"330922","n":"嵊泗县","a":"嵊泗","y":"ShengSi","b":"SS","z":"202400"}]},{"i":"331000","n":"台州市","a":"台州","y":"TaiZhou","b":"TZ","z":"318000","c":[{"i":"331002","n":"椒江区","a":"椒江区","y":"JiaoJiangQu","b":"JJQ","z":"318000"},{"i":"331003","n":"黄岩区","a":"黄岩区","y":"HuangYanQu","b":"HYQ","z":"318020"},{"i":"331004","n":"路桥区","a":"路桥区","y":"LuQiaoQu","b":"LQQ","z":"318050"},{"i":"331021","n":"玉环县","a":"玉环","y":"YuHuan","b":"YH","z":"317600"},{"i":"331022","n":"三门县","a":"三门","y":"SanMen","b":"SM","z":"317100"},{"i":"331023","n":"天台县","a":"天台","y":"TianTai","b":"TT","z":"317200"},{"i":"331024","n":"仙居县","a":"仙居","y":"XianJu","b":"XJ","z":"317300"},{"i":"331081","n":"温岭市","a":"温岭","y":"WenLing","b":"WL","z":"317500"},{"i":"331082","n":"临海市","a":"临海","y":"LinHai","b":"LH","z":"317000"}]},{"i":"331100","n":"丽水市","a":"丽水","y":"LiShui","b":"LS","z":"323000","c":[{"i":"331102","n":"莲都区","a":"莲都区","y":"LianDouQu","b":"LDQ","z":"323000"},{"i":"331121","n":"青田县","a":"青田","y":"QingTian","b":"QT","z":"323900"},{"i":"331122","n":"缙云县","a":"缙云","y":"JinYun","b":"JY","z":"321400"},{"i":"331123","n":"遂昌县","a":"遂昌","y":"SuiChang","b":"SC","z":"323300"},{"i":"331124","n":"松阳县","a":"松阳","y":"SongYang","b":"SY","z":"323400"},{"i":"331125","n":"云和县","a":"云和","y":"YunHe","b":"YH","z":"323600"},{"i":"331126","n":"庆元县","a":"庆元","y":"QingYuan","b":"QY","z":"323800"},{"i":"331127","n":"景宁畲族自治县","a":"景宁畲族","y":"JingNingSheZu","b":"JNSZ","z":"323500"},{"i":"331181","n":"龙泉市","a":"龙泉","y":"LongQuan","b":"LQ","z":"323700"}]}]