[{"i":"340100","n":"合肥市","a":"合肥","y":"HeFei","b":"HF","z":"230000","c":[{"i":"340102","n":"瑶海区","a":"瑶海区","y":"YaoHaiQu","b":"YHQ","z":"230011"},{"i":"340103","n":"庐阳区","a":"庐阳区","y":"LuYangQu","b":"LYQ","z":"230001"},{"i":"340104","n":"蜀山区","a":"蜀山区","y":"ShuShanQu","b":"SSQ","z":"230061"},{"i":"340111","n":"包河区","a":"包河区","y":"BaoHeQu","b":"BHQ","z":"230041"},{"i":"340121","n":"长丰县","a":"长丰","y":"ZhangFeng","b":"ZF","z":"231100"},{"i":"340122","n":"肥东县","a":"肥东","y":"FeiDong","b":"FD","z":"231600"},{"i":"340123","n":"肥西县","a":"肥西","y":"FeiXi","b":"FX","z":"231200"},{"i":"340124","n":"庐江县","a":"庐江","y":"LuJiang","b":"LJ","z":""},{"i":"340181","n":"巢湖市","a":"巢湖","y":"ChaoHu","b":"CH","z":""}]},{"i":"340200","n":"芜湖市","a":"芜湖","y":"WuHu","b":"WH","z":"241000","c":[{"i":"340202","n":"镜湖区","a":"镜湖区","y":"JingHuQu","b":"JHQ","z":"241000"},{"i":"340203","n":"弋江区","a":"弋江区","y":"YiJiangQu","b":"YJQ","z":"241000"},{"i":"340207","n":"鸠江区","a":"鸠江区","y":"JiuJiangQu","b":"JJQ","z":"241000"},{"i":"340208","n":"三山区","a":"三山区","y":"SanShanQu","b":"SSQ","z":"241000"},{"i":"340221","n":"芜湖县","a":"芜湖县","y":"WuHu","b":"WH","z":"241100"},{"i":"340222","n":"繁昌县","a":"繁昌","y":"FanChang","b":"FC","z":"241200"},{"i":"340223","n":"南陵县","a":"南陵","y":"NanLing","b":"NL","z":"242400"},{"i":"340225","n":"无为县","a":"无为","y":"WuWei","b":"WW","z":""}]},{"i":"340300","n":"蚌埠市","a":"蚌埠","y":"BangBu","b":"BB","z":"233000","c":[{"i":"340302","n":"龙子湖区","a":"龙子湖区","y":"LongZiHuQu","b":"LZHQ","z":"233000"},{"i":"340303","n":"蚌山区","a":"蚌山区","y":"BangShanQu","b":"BSQ","z":"233000"},{"i":"340304","n":"禹会区","a":"禹会区","y":"YuHuiQu","b":"YHQ","z":"233010"},{"i":"340311","n":"淮上区","a":"淮上区","y":"HuaiShangQu","b":"HSQ","z":"233002"},{"i":"340321","n":"怀远县","a":"怀远","y":"HuaiYuan","b":"HY","z":"233400"},{"i":"340322","n":"五河县","a":"五河","y":"WuHe","b":"WH","z":"233300"},{"i":"340323","n":"固镇县","a":"固镇","y":"GuZhen","b":"GZ","z":"233200"}]},{"i":"340400","n":"淮南市","a":"淮南","y":"HuaiNan","b":"HN","z":"232000","c":[{"i":"340402","n":"大通区","a":"大通区","y":"DaTongQu","b":"DTQ","z":"232033"},{"i":"340403","n":"田家庵区","a":"田家庵区","y":"TianJiaAnQu","b":"TJAQ","z":"232000"},{"i":"340404","n":"谢家集区","a":"谢家集区","y":"XieJiaJiQu","b":"XJJQ","z":"232052"},{"i":"340405","n":"八公山区","a":"八公山区","y":"BaGongShanQu","b":"BGSQ","z":"232072"},{"i":"340406","n":"潘集区","a":"潘集区","y":"PanJiQu","b":"PJQ","z":"232082"},{"i":"340421","n":"凤台县","a":"凤台","y":"FengTai","b":"FT","z":"232100"}]},{"i":"340500","n":"马鞍山市","a":"马鞍山","y":"MaAnShan","b":"MAS","z":"243000","c":[{"i":"340503","n":"花山区","a":"花山区","y":"HuaShanQu","b":"HSQ","z":"243000"},{"i":"340504","n":"雨山区","a":"雨山区","y":"YuShanQu","b":"YSQ","z":"243071"},{"i":"340506","n":"博望区","a":"博望区","y":"BoWangQu","b":"BWQ","z":""},{"i":"340521","n":"当涂县","a":"当涂","y":"DangTu","b":"DT","z":"243100"},{"i":"340522","n":"含山县","a":"含山","y":"HanShan","b":"HS","z":""},{"i":"340523","n":"和县","a":"和县","y":"HeXian","b":"HX","z":""}]},{"i":"340600","n":"淮北市","a":"淮北","y":"HuaiBei","b":"HB","z":"235000","c":[{"i":"340602","n":"杜集区","a":"杜集区","y":"DuJiQu","b":"DJQ","z":"235047"},{"i":"340603","n":"相山区","a":"相山区","y":"XiangShanQu","b":"XSQ","z":"235000"},{"i":"340604","n":"烈山区","a":"烈山区","y":"LieShanQu","b":"LSQ","z":"235025"},{"i":"340621","n":"濉溪县","a":"濉溪","y":"SuiXi","b":"SX","z":"235100"}]},{"i":"340700","n":"铜陵市","a":"铜陵","y":"TongLing","b":"TL","z":"244000","c":[{"i":"340702","n":"铜官山区","a":"铜官山区","y":"TongGuanShanQu","b":"TGSQ","z":"244000"},{"i":"340703","n":"狮子山区","a":"狮子山区","y":"ShiZiShanQu","b":"SZSQ","z":"244031"},{"i":"340711","n":"郊区","a":"郊区","y":"JiaoQu","b":"JQ","z":"244000"},{"i":"340721","n":"铜陵县","a":"铜陵","y":"TongLing","b":"TL","z":"244100"}]},{"i":"340800","n":"安庆市","a":"安庆","y":"AnQing","b":"AQ","z":"246000","c":[{"i":"340802","n":"迎江区","a":"迎江区","y":"YingJiangQu","b":"YJQ","z":"246003"},{"i":"340803","n":"大观区","a":"大观区","y":"DaGuanQu","b":"DGQ","z":"246004"},{"i":"340811","n":"宜秀区","a":"宜秀区","y":"YiXiuQu","b":"YXQ","z":"246003"},{"i":"340822","n":"怀宁县","a":"怀宁","y":"HuaiNing","b":"HN","z":"246100"},{"i":"340823","n":"枞阳县","a":"枞阳","y":"CongYang","b":"CY","z":"246700"},{"i":"340824","n":"潜山县","a":"潜山","y":"QianShan","b":"QS","z":"246300"},{"i":"340825","n":"太湖县","a":"太湖","y":"TaiHu","b":"TH","z":"246400"},{"i":"340826","n":"宿松县","a":"宿松","y":"SuSong","b":"SS","z":"246500"},{"i":"340827","n":"望江县","a":"望江","y":"WangJiang","b":"WJ","z":"246200"},{"i":"340828","n":"岳西县","a":"岳西","y":"YueXi","b":"YX","z":"246600"},{"i":"340881","n":"桐城市","a":"桐城","y":"TongCheng","b":"TC","z":"231400"}]},{"i":"341000","n":"黄山市","a":"黄山","y":"HuangShan","b":"HS","z":"245000","c":[{"i":"341002","n":"屯溪区","a":"屯溪区","y":"TunXiQu","b":"TXQ","z":"245000"},{"i":"341003","n":"黄山区","a":"黄山区","y":"HuangShanQu","b":"HSQ","z":"242700"},{"i":"341004","n":"徽州区","a":"徽州区","y":"HuiZhouQu","b":"HZQ","z":"245061"},{"i":"341021","n":"歙县","a":"歙县","y":"SheXian","b":"SX","z":"245200"},{"i":"341022","n":"休宁县","a":"休宁","y":"XiuNing","b":"XN","z":"245400"},{"i":"341023","n":"黟县","a":"黟县","y":"YiXian","b":"YX","z":"245500"},{"i":"341024","n":"祁门县","a":"祁门","y":"QiMen","b":"QM","z":"245600"}]},{"i":"341100","n":"滁州市","a":"滁州","y":"ChuZhou","b":"CZ","z":"239000","c":[{"i":"341102","n":"琅琊区","a":"琅琊区","y":"LangYaQu","b":"LYQ","z":"239000"},{"i":"341103","n":"南谯区","a":"南谯区","y":"NanQiaoQu","b":"NQQ","z":"239000"},{"i":"341122","n":"来安县","a":"来安","y":"LaiAn","b":"LA","z":"239200"},{"i":"341124","n":"全椒县","a":"全椒","y":"QuanJiao","b":"QJ","z":"239500"},{"i":"341125","n":"定远县","a":"定远","y":"DingYuan","b":"DY","z":"233200"},{"i":"341126","n":"凤阳县","a":"凤阳","y":"FengYang","b":"FY","z":"233100"},{"i":"341181","n":"天长市","a":"天长","y":"TianZhang","b":"TZ","z":"239300"},{"i":"341182","n":"明光市","a":"明光","y":"MingGuang","b":"MG","z":"239400"}]},{"i":"341200","n":"阜阳市","a":"阜阳","y":"FuYang","b":"FY","z":"236000","c":[{"i":"341202","n":"颍州区","a":"颍州区","y":"YingZhouQu","b":"YZQ","z":"236001"},{"i":"341203","n":"颍东区","a":"颍东区","y":"YingDongQu","b":"YDQ","z":"236058"},{"i":"341204","n":"颍泉区","a":"颍泉区","y":"YingQuanQu","b":"YQQ","z":"236045"},{"i":"341221","n":"临泉县","a":"临泉","y":"LinQuan","b":"LQ","z":"236400"},{"i":"341222","n":"太和县","a":"太和","y":"TaiHe","b":"TH","z":"236600"},{"i":"341225","n":"阜南县","a":"阜南","y":"FuNan","b":"FN","z":"236300"},{"i":"341226","n":"颍上县","a":"颍上","y":"YingShang","b":"YS","z":"236200"},{"i":"341282","n":"界首市","a":"界首","y":"JieShou","b":"JS","z":"236500"}]},{"i":"341500","n":"六安市","a":"六安","y":"LiuAn","b":"LA","z":"237000","c":[{"i":"341502","n":"金安区","a":"金安区","y":"JinAnQu","b":"JAQ","z":"237005"},{"i":"341503","n":"裕安区","a":"裕安区","y":"YuAnQu","b":"YAQ","z":"237010"},{"i":"341521","n":"寿县","a":"寿县","y":"ShouXian","b":"SX","z":"232200"},{"i":"341522","n":"霍邱县","a":"霍邱","y":"HuoQiu","b":"HQ","z":"237400"},{"i":"341523","n":"舒城县","a":"舒城","y":"ShuCheng","b":"SC","z":"231300"},{"i":"341524","n":"金寨县","a":"金寨","y":"JinZhai","b":"JZ","z":"237300"},{"i":"341525","n":"霍山县","a":"霍山","y":"HuoShan","b":"HS","z":"237200"}]},{"i":"341600","n":"亳州市","a":"亳州","y":"BoZhou","b":"BZ","z":"236800","c":[{"i":"341602","n":"谯城区","a":"谯城区","y":"QiaoChengQu","b":"QCQ","z":"236800"},{"i":"341621","n":"涡阳县","a":"涡阳","y":"WoYang","b":"WY","z":"233600"},{"i":"341622","n":"蒙城县","a":"蒙城","y":"MengCheng","b":"MC","z":"233500"},{"i":"341623","n":"利辛县","a":"利辛","y":"LiXin","b":"LX","z":"236700"}]},{"i":"341700","n":"池州市","a":"池州","y":"ChiZhou","b":"CZ","z":"247000","c":[{"i":"341702","n":"贵池区","a":"贵池区","y":"GuiChiQu","b":"GCQ","z":"247100"},{"i":"341721","n":"东至县","a":"东至","y":"DongZhi","b":"DZ","z":"247200"},{"i":"341722","n":"石台县","a":"石台","y":"ShiTai","b":"ST","z":"245100"},{"i":"341723","n":"青阳县","a":"青阳","y":"QingYang","b":"QY","z":"242800"}]},{"i":"341800","n":"宣城市","a":"宣城","y":"XuanCheng","b":"XC","z":"242000","c":[{"i":"341802","n":"宣州区","a":"宣州区","y":"XuanZhouQu","b":"XZQ","z":"242000"},{"i":"341821","n":"郎溪县","a":"郎溪","y":"LangXi","b":"LX","z":"242100"},{"i":"341822","n":"广德县","a":"广德","y":"GuangDe","b":"GD","z":"242200"},{"i":"341823","n":"泾县","a":"泾县","y":"JingXian","b":"JX","z":"242500"},{"i":"341824","n":"绩溪县","a":"绩溪","y":"JiXi","b":"JX","z":"245300"},{"i":"341825","n":"旌德县","a":"旌德","y":"JingDe","b":"JD","z":"242600"},{"i":"341881","n":"宁国市","a":"宁国","y":"NingGuo","b":"NG","z":"242300"}]}]