[{"i":"350100","n":"福州市","a":"福州","y":"FuZhou","b":"FZ","z":"350000","c":[{"i":"350102","n":"鼓楼区","a":"鼓楼区","y":"GuLouQu","b":"GLQ","z":"350001"},{"i":"350103","n":"台江区","a":"台江区","y":"TaiJiangQu","b":"TJQ","z":"350004"},{"i":"350104","n":"仓山区","a":"仓山区","y":"CangShanQu","b":"CSQ","z":"350007"},{"i":"350105","n":"马尾区","a":"马尾区","y":"MaWeiQu","b":"MWQ","z":"350015"},{"i":"350111","n":"晋安区","a":"晋安区","y":"JinAnQu","b":"JAQ","z":"350011"},{"i":"350121","n":"闽侯县","a":"闽侯","y":"MinHou","b":"MH","z":"350100"},{"i":"350122","n":"连江县","a":"连江","y":"LianJiang","b":"LJ","z":"350500"},{"i":"350123","n":"罗源县","a":"罗源","y":"LuoYuan","b":"LY","z":"350600"},{"i":"350124","n":"闽清县","a":"闽清","y":"MinQing","b":"MQ","z":"350800"},{"i":"350125","n":"永泰县","a":"永泰","y":"YongTai","b":"YT","z":"350700"},{"i":"350128","n":"平潭县","a":"平潭","y":"PingTan","b":"PT","z":"350400"},{"i":"350181","n":"福清市","a":"福清","y":"FuQing","b":"FQ","z":"350300"},{"i":"350182","n":"长乐市","a":"长乐","y":"ZhangLe","b":"ZL","z":"350200"}]},{"i":"350200","n":"厦门市","a":"厦门","y":"ShaMen","b":"SM","z":"361000","c":[{"i":"350203","n":"思明区","a":"思明区","y":"SiMingQu","b":"SMQ","z":"361001"},{"i":"350205","n":"海沧区","a":"海沧区","y":"HaiCangQu","b":"HCQ","z":"361026"},{"i":"350206","n":"湖里区","a":"湖里区","y":"HuLiQu","b":"HLQ","z":"361006"},{"i":"350211","n":"集美区","a":"集美区","y":"JiMeiQu","b":"JMQ","z":"361021"},{"i":"350212","n":"同安区","a":"同安区","y":"TongAnQu","b":"TAQ","z":"361100"},{"i":"350213","n":"翔安区","a":"翔安区","y":"XiangAnQu","b":"XAQ","z":"361101"}]},{"i":"350300","n":"莆田市","a":"莆田","y":"PuTian","b":"PT","z":"351100","c":[{"i":"350302","n":"城厢区","a":"城厢区","y":"ChengXiangQu","b":"CXQ","z":"351100"},{"i":"350303","n":"涵江区","a":"涵江区","y":"HanJiangQu","b":"HJQ","z":"351111"},{"i":"350304","n":"荔城区","a":"荔城区","y":"LiChengQu","b":"LCQ","z":"351100"},{"i":"350305","n":"秀屿区","a":"秀屿区","y":"XiuYuQu","b":"XYQ","z":"351152"},{"i":"350322","n":"仙游县","a":"仙游","y":"XianYou","b":"XY","z":"351200"}]},{"i":"350400","n":"三明市","a":"三明","y":"SanMing","b":"SM","z":"365000","c":[{"i":"350402","n":"梅列区","a":"梅列区","y":"MeiLieQu","b":"MLQ","z":"365000"},{"i":"350403","n":"三元区","a":"三元区","y":"SanYuanQu","b":"SYQ","z":"365001"},{"i":"350421","n":"明溪县","a":"明溪","y":"MingXi","b":"MX","z":"365200"},{"i":"350423","n":"清流县","a":"清流","y":"QingLiu","b":"QL","z":"365300"},{"i":"350424","n":"宁化县","a":"宁化","y":"NingHua","b":"NH","z":"365400"},{"i":"350425","n":"大田县","a":"大田","y":"DaTian","b":"DT","z":"366100"},{"i":"350426","n":"尤溪县","a":"尤溪","y":"YouXi","b":"YX","z":"365100"},{"i":"350427","n":"沙县","a":"沙县","y":"ShaXian","b":"SX","z":"365500"},{"i":"350428","n":"将乐县","a":"将乐","y":"JiangLe","b":"JL","z":"353300"},{"i":"350429","n":"泰宁县","a":"泰宁","y":"TaiNing","b":"TN","z":"354400"},{"i":"350430","n":"建宁县","a":"建宁","y":"JianNing","b":"JN","z":"354500"},{"i":"350481","n":"永安市","a":"永安","y":"YongAn","b":"YA","z":"366000"}]},{"i":"350500","n":"泉州市","a":"泉州","y":"QuanZhou","b":"QZ","z":"362000","c":[{"i":"350502","n":"鲤城区","a":"鲤城区","y":"LiChengQu","b":"LCQ","z":"362000"},{"i":"350503","n":"丰泽区","a":"丰泽区","y":"FengZeQu","b":"FZQ","z":"362000"},{"i":"350504","n":"洛江区","a":"洛江区","y":"LuoJiangQu","b":"LJQ","z":"362011"},{"i":"350505","n":"泉港区","a":"泉港区","y":"QuanGangQu","b":"QGQ","z":"362801"},{"i":"350521","n":"惠安县","a":"惠安","y":"HuiAn","b":"HA","z":"362100"},{"i":"350524","n":"安溪县","a":"安溪","y":"AnXi","b":"AX","z":"362400"},{"i":"350525","n":"永春县","a":"永春","y":"YongChun","b":"YC","z":"362600"},{"i":"350526","n":"德化县","a":"德化","y":"DeHua","b":"DH","z":"362500"},{"i":"350527","n":"金门县","a":"金门","y":"JinMen","b":"JM","z":"362000"},{"i":"350581","n":"石狮市","a":"石狮","y":"ShiShi","b":"SS","z":"362700"},{"i":"350582","n":"晋江市","a":"晋江","y":"JinJiang","b":"JJ","z":"362200"},{"i":"350583","n":"南安市","a":"南安","y":"NanAn","b":"NA","z":"362300"}]},{"i":"350600","n":"漳州市","a":"漳州","y":"ZhangZhou","b":"ZZ","z":"363000","c":[{"i":"350602","n":"芗城区","a":"芗城区","y":"XiangChengQu","b":"XCQ","z":"363000"},{"i":"350603","n":"龙文区","a":"龙文区","y":"LongWenQu","b":"LWQ","z":"363005"},{"i":"350622","n":"云霄县","a":"云霄","y":"YunXiao","b":"YX","z":"363300"},{"i":"350623","n":"漳浦县","a":"漳浦","y":"ZhangPu","b":"ZP","z":"363200"},{"i":"350624","n":"诏安县","a":"诏安","y":"ZhaoAn","b":"ZA","z":"363500"},{"i":"350625","n":"长泰县","a":"长泰","y":"ZhangTai","b":"ZT","z":"363900"},{"i":"350626","n":"东山县","a":"东山","y":"DongShan","b":"DS","z":"363400"},{"i":"350627","n":"南靖县","a":"南靖","y":"NanJing","b":"NJ","z":"363600"},{"i":"350628","n":"平和县","a":"平和","y":"PingHe","b":"PH","z":"363700"},{"i":"350629","n":"华安县","a":"华安","y":"HuaAn","b":"HA","z":"363800"},{"i":"350681","n":"龙海市","a":"龙海","y":"LongHai","b":"LH","z":"363100"}]},{"i":"350700","n":"南平市","a":"南平","y":"NanPing","b":"NP","z":"353000","c":[{"i":"350702","n":"延平区","a":"延平区","y":"YanPingQu","b":"YPQ","z":"353000"},{"i":"350721","n":"顺昌县","a":"顺昌","y":"ShunChang","b":"SC","z":"353200"},{"i":"350722","n":"浦城县","a":"浦城","y":"PuCheng","b":"PC","z":"353400"},{"i":"350723","n":"光泽县","a":"光泽","y":"GuangZe","b":"GZ","z":"354100"},{"i":"350724","n":"松溪县","a":"松溪","y":"SongXi","b":"SX","z":"353500"},{"i":"350725","n":"政和县","a":"政和","y":"ZhengHe","b":"ZH","z":"353600"},{"i":"350781","n":"邵武市","a":"邵武","y":"ShaoWu","b":"SW","z":"354000"},{"i":"350782","n":"武夷山市","a":"武夷山","y":"WuYiShan","b":"WYS","z":"354300"},{"i":"350783","n":"建瓯市","a":"建瓯","y":"JianOu","b":"JO","z":"353100"},{"i":"350784","n":"建阳市","a":"建阳","y":"JianYang","b":"JY","z":"354200"}]},{"i":"350800","n":"龙岩市","a":"龙岩","y":"LongYan","b":"LY","z":"364000","c":[{"i":"350802","n":"新罗区","a":"新罗区","y":"XinLuoQu","b":"XLQ","z":"364000"},{"i":"350821","n":"长汀县","a":"长汀","y":"ZhangTing","b":"ZT","z":"366300"},{"i":"350822","n":"永定县","a":"永定","y":"YongDing","b":"YD","z":"364100"},{"i":"350823","n":"上杭县","a":"上杭","y":"ShangHang","b":"SH","z":"364200"},{"i":"350824","n":"武平县","a":"武平","y":"WuPing","b":"WP","z":"364300"},{"i":"350825","n":"连城县","a":"连城","y":"LianCheng","b":"LC","z":"366200"},{"i":"350881","n":"漳平市","a":"漳平","y":"ZhangPing","b":"ZP","z":"364400"}]},{"i":"350900","n":"宁德市","a":"宁德","y":"NingDe","b":"ND","z":"352100","c":[{"i":"350902","n":"蕉城区","a":"蕉城区","y":"JiaoChengQu","b":"JCQ","z":"352100"},{"i":"350921","n":"霞浦县","a":"霞浦","y":"XiaPu","b":"XP","z":"355100"},{"i":"350922","n":"古田县","a":"古田","y":"GuTian","b":"GT","z":"352200"},{"i":"350923","n":"屏南县","a":"屏南","y":"PingNan","b":"PN","z":"352300"},{"i":"350924","n":"寿宁县","a":"寿宁","y":"ShouNing","b":"SN","z":"355500"},{"i":"350925","n":"周宁县","a":"周宁","y":"ZhouNing","b":"ZN","z":"355400"},{"i":"350926","n":"柘荣县","a":"柘荣","y":"ZheRong","b":"ZR","z":"355300"},{"i":"350981","n":"福安市","a":"福安","y":"FuAn","b":"FA","z":"355000"},{"i":"350982","n":"福鼎市","a":"福鼎","y":"FuDing","b":"FD","z":"355200"}]}]