[{"i":"360100","n":"南昌市","a":"南昌","y":"NanChang","b":"NC","z":"330000","c":[{"i":"360102","n":"东湖区","a":"东湖区","y":"DongHuQu","b":"DHQ","z":"330006"},{"i":"360103","n":"西湖区","a":"西湖区","y":"XiHuQu","b":"XHQ","z":"330009"},{"i":"360104","n":"青云谱区","a":"青云谱区","y":"QingYunPuQu","b":"QYPQ","z":"330001"},{"i":"360105","n":"湾里区","a":"湾里区","y":"WanLiQu","b":"WLQ","z":"330004"},{"i":"360111","n":"青山湖区","a":"青山湖区","y":"QingShanHuQu","b":"QSHQ","z":"330006"},{"i":"360121","n":"南昌县","a":"南昌","y":"NanChang","b":"NC","z":"330200"},{"i":"360122","n":"新建县","a":"新建","y":"XinJian","b":"XJ","z":"330100"},{"i":"360123","n":"安义县","a":"安义","y":"AnYi","b":"AY","z":"330500"},{"i":"360124","n":"进贤县","a":"进贤","y":"JinXian","b":"JX","z":"331700"}]},{"i":"360200","n":"景德镇市","a":"景德镇","y":"JingDeZhen","b":"JDZ","z":"333000","c":[{"i":"360202","n":"昌江区","a":"昌江区","y":"ChangJiangQu","b":"CJQ","z":"333000"},{"i":"360203","n":"珠山区","a":"珠山区","y":"ZhuShanQu","b":"ZSQ","z":"333000"},{"i":"360222","n":"浮梁县","a":"浮梁","y":"FuLiang","b":"FL","z":"333400"},{"i":"360281","n":"乐平市","a":"乐平","y":"LePing","b":"LP","z":"333300"}]},{"i":"360300","n":"萍乡市","a":"萍乡","y":"PingXiang","b":"PX","z":"337000","c":[{"i":"360302","n":"安源区","a":"安源区","y":"AnYuanQu","b":"AYQ","z":"337000"},{"i":"360313","n":"湘东区","a":"湘东区","y":"XiangDongQu","b":"XDQ","z":"337032"},{"i":"360321","n":"莲花县","a":"莲花","y":"LianHua","b":"LH","z":"337100"},{"i":"360322","n":"上栗县","a":"上栗","y":"ShangLi","b":"SL","z":"337009"},{"i":"360323","n":"芦溪县","a":"芦溪","y":"LuXi","b":"LX","z":"337200"}]},{"i":"360400","n":"九江市","a":"九江","y":"JiuJiang","b":"JJ","z":"332000","c":[{"i":"360402","n":"庐山区","a":"庐山区","y":"LuShanQu","b":"LSQ","z":"332005"},{"i":"360403","n":"浔阳区","a":"浔阳区","y":"XunYangQu","b":"XYQ","z":"332000"},{"i":"360421","n":"九江县","a":"九江","y":"JiuJiang","b":"JJ","z":"332100"},{"i":"360423","n":"武宁县","a":"武宁","y":"WuNing","b":"WN","z":"332300"},{"i":"360424","n":"修水县","a":"修水","y":"XiuShui","b":"XS","z":"332400"},{"i":"360425","n":"永修县","a":"永修","y":"YongXiu","b":"YX","z":"330300"},{"i":"360426","n":"德安县","a":"德安","y":"DeAn","b":"DA","z":"330400"},{"i":"360427","n":"星子县","a":"星子","y":"XingZi","b":"XZ","z":"332800"},{"i":"360428","n":"都昌县","a":"都昌","y":"DouChang","b":"DC","z":"332600"},{"i":"360429","n":"湖口县","a":"湖口","y":"HuKou","b":"HK","z":"332500"},{"i":"360430","n":"彭泽县","a":"彭泽","y":"PengZe","b":"PZ","z":"332700"},{"i":"360481","n":"瑞昌市","a":"瑞昌","y":"RuiChang","b":"RC","z":"332200"},{"i":"360482","n":"共青城市","a":"共青城","y":"GongQingCheng","b":"GQC","z":""}]},{"i":"360500","n":"新余市","a":"新余","y":"XinYu","b":"XY","z":"338000","c":[{"i":"360502","n":"渝水区","a":"渝水区","y":"YuShuiQu","b":"YSQ","z":"338025"},{"i":"360521","n":"分宜县","a":"分宜","y":"FenYi","b":"FY","z":"336600"}]},{"i":"360700","n":"赣州市","a":"赣州","y":"GanZhou","b":"GZ","z":"341000","c":[{"i":"360702","n":"章贡区","a":"章贡区","y":"ZhangGongQu","b":"ZGQ","z":""},{"i":"360721","n":"赣县","a":"赣县","y":"GanXian","b":"GX","z":"341100"},{"i":"360722","n":"信丰县","a":"信丰","y":"XinFeng","b":"XF","z":"341600"},{"i":"360723","n":"大余县","a":"大余","y":"DaYu","b":"DY","z":"341500"},{"i":"360724","n":"上犹县","a":"上犹","y":"ShangYou","b":"SY","z":"341200"},{"i":"360725","n":"崇义县","a":"崇义","y":"ChongYi","b":"CY","z":"341300"},{"i":"360726","n":"安远县","a":"安远","y":"AnYuan","b":"AY","z":"342100"},{"i":"360727","n":"龙南县","a":"龙南","y":"LongNan","b":"LN","z":"341700"},{"i":"360728","n":"定南县","a":"定南","y":"DingNan","b":"DN","z":"341900"},{"i":"360729","n":"全南县","a":"全南","y":"QuanNan","b":"QN","z":"341800"},{"i":"360730","n":"宁都县","a":"宁都","y":"NingDou","b":"ND","z":"342800"},{"i":"360731","n":"于都县","a":"于都","y":"YuDou","b":"YD","z":"342300"},{"i":"360732","n":"兴国县","a":"兴国","y":"XingGuo","b":"XG","z":"342400"},{"i":"360733","n":"会昌县","a":"会昌","y":"HuiChang","b":"HC","z":"342600"},{"i":"360734","n":"寻乌县","a":"寻乌","y":"XunWu","b":"XW","z":"342200"},{"i":"360735","n":"石城县","a":"石城","y":"ShiCheng","b":"SC","z":"342700"},{"i":"360781","n":"瑞金市","a":"瑞金","y":"RuiJin","b":"RJ","z":"342500"},{"i":"360782","n":"南康市","a":"南康","y":"NanKang","b":"NK","z":"341400"}]},{"i":"360800","n":"吉安市","a":"吉安","y":"JiAn","b":"JA","z":"343000","c":[{"i":"360802","n":"吉州区","a":"吉州区","y":"JiZhouQu","b":"JZQ","z":"343000"},{"i":"360803","n":"青原区","a":"青原区","y":"QingYuanQu","b":"QYQ","z":"343009"},{"i":"360821","n":"吉安县","a":"吉安","y":"JiAn","b":"JA","z":"343100"},{"i":"360822","n":"吉水县","a":"吉水","y":"JiShui","b":"JS","z":"331600"},{"i":"360823","n":"峡江县","a":"峡江","y":"XiaJiang","b":"XJ","z":"331400"},{"i":"360824","n":"新干县","a":"新干","y":"XinGan","b":"XG","z":"331300"},{"i":"360825","n":"永丰县","a":"永丰","y":"YongFeng","b":"YF","z":"331500"},{"i":"360826","n":"泰和县","a":"泰和","y":"TaiHe","b":"TH","z":"343700"},{"i":"360827","n":"遂川县","a":"遂川","y":"SuiChuan","b":"SC","z":"343900"},{"i":"360828","n":"万安县","a":"万安","y":"WanAn","b":"WA","z":"343800"},{"i":"360829","n":"安福县","a":"安福","y":"AnFu","b":"AF","z":"343200"},{"i":"360830","n":"永新县","a":"永新","y":"YongXin","b":"YX","z":"343400"},{"i":"360881","n":"井冈山市","a":"井冈山","y":"JingGangShan","b":"JGS","z":"343600"}]},{"i":"360900","n":"宜春市","a":"宜春","y":"YiChun","b":"YC","z":"336000","c":[{"i":"360902","n":"袁州区","a":"袁州区","y":"YuanZhouQu","b":"YZQ","z":"336000"},{"i":"360921","n":"奉新县","a":"奉新","y":"FengXin","b":"FX","z":"330700"},{"i":"360922","n":"万载县","a":"万载","y":"WanZai","b":"WZ","z":"336100"},{"i":"360923","n":"上高县","a":"上高","y":"ShangGao","b":"SG","z":"336400"},{"i":"360924","n":"宜丰县","a":"宜丰","y":"YiFeng","b":"YF","z":"336300"},{"i":"360925","n":"靖安县","a":"靖安","y":"JingAn","b":"JA","z":"330600"},{"i":"360926","n":"铜鼓县","a":"铜鼓","y":"TongGu","b":"TG","z":"336200"},{"i":"360981","n":"丰城市","a":"丰城","y":"FengCheng","b":"FC","z":"331100"},{"i":"360982","n":"樟树市","a":"樟树","y":"ZhangShu","b":"ZS","z":"331200"},{"i":"360983","n":"高安市","a":"高安","y":"GaoAn","b":"GA","z":"330800"}]},{"i":"361000","n":"抚州市","a":"抚州","y":"FuZhou","b":"FZ","z":"344000","c":[{"i":"361002","n":"临川区","a":"临川区","y":"LinChuanQu","b":"LCQ","z":"344100"},{"i":"361021","n":"南城县","a":"南城","y":"NanCheng","b":"NC","z":"344700"},{"i":"361022","n":"黎川县","a":"黎川","y":"LiChuan","b":"LC","z":"344600"},{"i":"361023","n":"南丰县","a":"南丰","y":"NanFeng","b":"NF","z":"344500"},{"i":"361024","n":"崇仁县","a":"崇仁","y":"ChongRen","b":"CR","z":"344200"},{"i":"361025","n":"乐安县","a":"乐安","y":"LeAn","b":"LA","z":"344300"},{"i":"361026","n":"宜黄县","a":"宜黄","y":"YiHuang","b":"YH","z":"344400"},{"i":"361027","n":"金溪县","a":"金溪","y":"JinXi","b":"JX","z":"344800"},{"i":"361028","n":"资溪县","a":"资溪","y":"ZiXi","b":"ZX","z":"335300"},{"i":"361029","n":"东乡县","a":"东乡","y":"DongXiang","b":"DX","z":"331800"},{"i":"361030","n":"广昌县","a":"广昌","y":"GuangChang","b":"GC","z":"344900"}]},{"i":"361100","n":"上饶市","a":"上饶","y":"ShangRao","b":"SR","z":"334000","c":[{"i":"361102","n":"信州区","a":"信州区","y":"XinZhouQu","b":"XZQ","z":"334000"},{"i":"361121","n":"上饶县","a":"上饶","y":"ShangRao","b":"SR","z":"334100"},{"i":"361122","n":"广丰县","a":"广丰","y":"GuangFeng","b":"GF","z":"334600"},{"i":"361123","n":"玉山县","a":"玉山","y":"YuShan","b":"YS","z":"334700"},{"i":"361124","n":"铅山县","a":"铅山","y":"QianShan","b":"QS","z":"334500"},{"i":"361125","n":"横峰县","a":"横峰","y":"HengFeng","b":"HF","z":"334300"},{"i":"361126","n":"弋阳县","a":"弋阳","y":"YiYang","b":"YY","z":"334400"},{"i":"361127","n":"余干县","a":"余干","y":"YuGan","b":"YG","z":"335100"},{"i":"361128","n":"鄱阳县","a":"鄱阳","y":"PoYang","b":"PY","z":"333100"},{"i":"361129","n":"万年县","a":"万年","y":"WanNian","b":"WN","z":"335500"},{"i":"361130","n":"婺源县","a":"婺源","y":"WuYuan","b":"WY","z":"333200"},{"i":"361181","n":"德兴市","a":"德兴","y":"DeXing","b":"DX","z":"334200"}]}]