[{"i":"370100","n":"济南市","a":"济南","y":"JiNan","b":"JN","z":"250000","c":[{"i":"370102","n":"历下区","a":"历下区","y":"LiXiaQu","b":"LXQ","z":"250013"},{"i":"370103","n":"市中区","a":"市中区","y":"ShiZhongQu","b":"SZQ","z":"250002"},{"i":"370104","n":"槐荫区","a":"槐荫区","y":"HuaiYinQu","b":"HYQ","z":"250021"},{"i":"370105","n":"天桥区","a":"天桥区","y":"TianQiaoQu","b":"TQQ","z":"250031"},{"i":"370112","n":"历城区","a":"历城区","y":"LiChengQu","b":"LCQ","z":"250100"},{"i":"370113","n":"长清区","a":"长清区","y":"ZhangQingQu","b":"ZQQ","z":"250300"},{"i":"370124","n":"平阴县","a":"平阴","y":"PingYin","b":"PY","z":"250400"},{"i":"370125","n":"济阳县","a":"济阳","y":"JiYang","b":"JY","z":"251400"},{"i":"370126","n":"商河县","a":"商河","y":"ShangHe","b":"SH","z":"251600"},{"i":"370181","n":"章丘市","a":"章丘","y":"ZhangQiu","b":"ZQ","z":"250200"}]},{"i":"370200","n":"青岛市","a":"青岛","y":"QingDao","b":"QD","z":"266000","c":[{"i":"370202","n":"市南区","a":"市南区","y":"ShiNanQu","b":"SNQ","z":"266001"},{"i":"370203","n":"市北区","a":"市北区","y":"ShiBeiQu","b":"SBQ","z":"266011"},{"i":"370211","n":"黄岛区","a":"黄岛区","y":"HuangDaoQu","b":"HDQ","z":"266500"},{"i":"370212","n":"崂山区","a":"崂山区","y":"LaoShanQu","b":"LSQ","z":"266100"},{"i":"370213","n":"李沧区","a":"李沧区","y":"LiCangQu","b":"LCQ","z":"266100"},{"i":"370214","n":"城阳区","a":"城阳区","y":"ChengYangQu","b":"CYQ","z":"266041"},{"i":"370281","n":"胶州市","a":"胶州","y":"JiaoZhou","b":"JZ","z":"266300"},{"i":"370282","n":"即墨市","a":"即墨","y":"JiMo","b":"JM","z":"266200"},{"i":"370283","n":"平度市","a":"平度","y":"PingDu","b":"PD","z":"266700"},{"i":"370285","n":"莱西市","a":"莱西","y":"LaiXi","b":"LX","z":"266600"}]},{"i":"370300","n":"淄博市","a":"淄博","y":"ZiBo","b":"ZB","z":"255000","c":[{"i":"370302","n":"淄川区","a":"淄川区","y":"ZiChuanQu","b":"ZCQ","z":"255100"},{"i":"370303","n":"张店区","a":"张店区","y":"ZhangDianQu","b":"ZDQ","z":"255022"},{"i":"370304","n":"博山区","a":"博山区","y":"BoShanQu","b":"BSQ","z":"255200"},{"i":"370305","n":"临淄区","a":"临淄区","y":"LinZiQu","b":"LZQ","z":"255400"},{"i":"370306","n":"周村区","a":"周村区","y":"ZhouCunQu","b":"ZCQ","z":"255300"},{"i":"370321","n":"桓台县","a":"桓台","y":"HuanTai","b":"HT","z":"256400"},{"i":"370322","n":"高青县","a":"高青","y":"GaoQing","b":"GQ","z":"256300"},{"i":"370323","n":"沂源县","a":"沂源","y":"YiYuan","b":"YY","z":"256100"}]},{"i":"370400","n":"枣庄市","a":"枣庄","y":"ZaoZhuang","b":"ZZ","z":"277100","c":[{"i":"370402","n":"市中区","a":"市中区","y":"ShiZhongQu","b":"SZQ","z":"277101"},{"i":"370403","n":"薛城区","a":"薛城区","y":"XueChengQu","b":"XCQ","z":"277000"},{"i":"370404","n":"峄城区","a":"峄城区","y":"YiChengQu","b":"YCQ","z":"277300"},{"i":"370405","n":"台儿庄区","a":"台儿庄区","y":"TaiErZhuangQu","b":"TEZQ","z":"277400"},{"i":"370406","n":"山亭区","a":"山亭区","y":"ShanTingQu","b":"STQ","z":"277200"},{"i":"370481","n":"滕州市","a":"滕州","y":"TengZhou","b":"TZ","z":"277500"}]},{"i":"370500","n":"东营市","a":"东营","y":"DongYing","b":"DY","z":"257000","c":[{"i":"370502","n":"东营区","a":"东营区","y":"DongYingQu","b":"DYQ","z":"257029"},{"i":"370503","n":"河口区","a":"河口区","y":"HeKouQu","b":"HKQ","z":"257200"},{"i":"370521","n":"垦利县","a":"垦利","y":"KenLi","b":"KL","z":"257500"},{"i":"370522","n":"利津县","a":"利津","y":"LiJin","b":"LJ","z":"257400"},{"i":"370523","n":"广饶县","a":"广饶","y":"GuangRao","b":"GR","z":"257300"}]},{"i":"370600","n":"烟台市","a":"烟台","y":"YanTai","b":"YT","z":"264000","c":[{"i":"370602","n":"芝罘区","a":"芝罘区","y":"ZhiFuQu","b":"ZFQ","z":"264001"},{"i":"370611","n":"福山区","a":"福山区","y":"FuShanQu","b":"FSQ","z":"265500"},{"i":"370612","n":"牟平区","a":"牟平区","y":"MouPingQu","b":"MPQ","z":"264100"},{"i":"370613","n":"莱山区","a":"莱山区","y":"LaiShanQu","b":"LSQ","z":"264600"},{"i":"370634","n":"长岛县","a":"长岛","y":"ZhangDao","b":"ZD","z":"265800"},{"i":"370681","n":"龙口市","a":"龙口","y":"LongKou","b":"LK","z":"265700"},{"i":"370682","n":"莱阳市","a":"莱阳","y":"LaiYang","b":"LY","z":"265200"},{"i":"370683","n":"莱州市","a":"莱州","y":"LaiZhou","b":"LZ","z":"261400"},{"i":"370684","n":"蓬莱市","a":"蓬莱","y":"PengLai","b":"PL","z":"265600"},{"i":"370685","n":"招远市","a":"招远","y":"ZhaoYuan","b":"ZY","z":"265400"},{"i":"370686","n":"栖霞市","a":"栖霞","y":"QiXia","b":"QX","z":"265300"},{"i":"370687","n":"海阳市","a":"海阳","y":"HaiYang","b":"HY","z":"265100"}]},{"i":"370700","n":"潍坊市","a":"潍坊","y":"WeiFang","b":"WF","z":"261000","c":[{"i":"370702","n":"潍城区","a":"潍城区","y":"WeiChengQu","b":"WCQ","z":"261021"},{"i":"370703","n":"寒亭区","a":"寒亭区","y":"HanTingQu","b":"HTQ","z":"261100"},{"i":"370704","n":"坊子区","a":"坊子区","y":"FangZiQu","b":"FZQ","z":"261200"},{"i":"370705","n":"奎文区","a":"奎文区","y":"KuiWenQu","b":"KWQ","z":"261041"},{"i":"370724","n":"临朐县","a":"临朐","y":"LinQu","b":"LQ","z":"262600"},{"i":"370725","n":"昌乐县","a":"昌乐","y":"ChangLe","b":"CL","z":"262400"},{"i":"370781","n":"青州市","a":"青州","y":"QingZhou","b":"QZ","z":"262500"},{"i":"370782","n":"诸城市","a":"诸城","y":"ZhuCheng","b":"ZC","z":"262200"},{"i":"370783","n":"寿光市","a":"寿光","y":"ShouGuang","b":"SG","z":"262700"},{"i":"370784","n":"安丘市","a":"安丘","y":"AnQiu","b":"AQ","z":"262100"},{"i":"370785","n":"高密市","a":"高密","y":"GaoMi","b":"GM","z":"261500"},{"i":"370786","n":"昌邑市","a":"昌邑","y":"ChangYi","b":"CY","z":"261300"}]},{"i":"370800","n":"济宁市","a":"济宁","y":"JiNing","b":"JN","z":"272100","c":[{"i":"370802","n":"市中区","a":"市中区","y":"ShiZhongQu","b":"SZQ","z":"272133"},{"i":"370811","n":"任城区","a":"任城区","y":"RenChengQu","b":"RCQ","z":"272113"},{"i":"370826","n":"微山县","a":"微山","y":"WeiShan","b":"WS","z":"277600"},{"i":"370827","n":"鱼台县","a":"鱼台","y":"YuTai","b":"YT","z":"272300"},{"i":"370828","n":"金乡县","a":"金乡","y":"JinXiang","b":"JX","z":"272200"},{"i":"370829","n":"嘉祥县","a":"嘉祥","y":"JiaXiang","b":"JX","z":"272400"},{"i":"370830","n":"汶上县","a":"汶上","y":"WenShang","b":"WS","z":"272501"},{"i":"370831","n":"泗水县","a":"泗水","y":"SiShui","b":"SS","z":"273200"},{"i":"370832","n":"梁山县","a":"梁山","y":"LiangShan","b":"LS","z":"272600"},{"i":"370881","n":"曲阜市","a":"曲阜","y":"QuFu","b":"QF","z":"273100"},{"i":"370882","n":"兖州市","a":"兖州","y":"YanZhou","b":"YZ","z":"272000"},{"i":"370883","n":"邹城市","a":"邹城","y":"ZouCheng","b":"ZC","z":"273500"}]},{"i":"370900","n":"泰安市","a":"泰安","y":"TaiAn","b":"TA","z":"271000","c":[{"i":"370902","n":"泰山区","a":"泰山区","y":"TaiShanQu","b":"TSQ","z":"271000"},{"i":"370911","n":"岱岳区","a":"岱岳区","y":"DaiYueQu","b":"DYQ","z":""},{"i":"370921","n":"宁阳县","a":"宁阳","y":"NingYang","b":"NY","z":"271400"},{"i":"370923","n":"东平县","a":"东平","y":"DongPing","b":"DP","z":"271500"},{"i":"370982","n":"新泰市","a":"新泰","y":"XinTai","b":"XT","z":"271200"},{"i":"370983","n":"肥城市","a":"肥城","y":"FeiCheng","b":"FC","z":"271600"}]},{"i":"371000","n":"威海市","a":"威海","y":"WeiHai","b":"WH","z":"264200","c":[{"i":"371002","n":"环翠区","a":"环翠区","y":"HuanCuiQu","b":"HCQ","z":"264200"},{"i":"371081","n":"文登市","a":"文登","y":"WenDeng","b":"WD","z":"264400"},{"i":"371082","n":"荣成市","a":"荣成","y":"RongCheng","b":"RC","z":"264300"},{"i":"371083","n":"乳山市","a":"乳山","y":"RuShan","b":"RS","z":"264500"}]},{"i":"371100","n":"日照市","a":"日照","y":"RiZhao","b":"RZ","z":"276800","c":[{"i":"371102","n":"东港区","a":"东港区","y":"DongGangQu","b":"DGQ","z":"276800"},{"i":"371103","n":"岚山区","a":"岚山区","y":"LanShanQu","b":"LSQ","z":"276808"},{"i":"371121","n":"五莲县","a":"五莲","y":"WuLian","b":"WL","z":"262300"},{"i":"371122","n":"莒县","a":"莒县","y":"JuXian","b":"JX","z":"276500"}]},{"i":"371200","n":"莱芜市","a":"莱芜","y":"LaiWu","b":"LW","z":"271100","c":[{"i":"371202","n":"莱城区","a":"莱城区","y":"LaiChengQu","b":"LCQ","z":"271100"},{"i":"371203","n":"钢城区","a":"钢城区","y":"GangChengQu","b":"GCQ","z":"271100"}]},{"i":"371300","n":"临沂市","a":"临沂","y":"LinYi","b":"LY","z":"276000","c":[{"i":"371302","n":"兰山区","a":"兰山区","y":"LanShanQu","b":"LSQ","z":"276002"},{"i":"371311","n":"罗庄区","a":"罗庄区","y":"LuoZhuangQu","b":"LZQ","z":"276022"},{"i":"371312","n":"河东区","a":"河东区","y":"HeDongQu","b":"HDQ","z":"276034"},{"i":"371321","n":"沂南县","a":"沂南","y":"YiNan","b":"YN","z":"276300"},{"i":"371322","n":"郯城县","a":"郯城","y":"TanCheng","b":"TC","z":"276100"},{"i":"371323","n":"沂水县","a":"沂水","y":"YiShui","b":"YS","z":"276400"},{"i":"371324","n":"苍山县","a":"苍山","y":"CangShan","b":"CS","z":"277700"},{"i":"371325","n":"费县","a":"费县","y":"FeiXian","b":"FX","z":"273400"},{"i":"371326","n":"平邑县","a":"平邑","y":"PingYi","b":"PY","z":"273300"},{"i":"371327","n":"莒南县","a":"莒南","y":"JuNan","b":"JN","z":"276600"},{"i":"371328","n":"蒙阴县","a":"蒙阴","y":"MengYin","b":"MY","z":"276200"},{"i":"371329","n":"临沭县","a":"临沭","y":"LinShu","b":"LS","z":"276700"}]},{"i":"371400","n":"德州市","a":"德州","y":"DeZhou","b":"DZ","z":"253000","c":[{"i":"371402","n":"德城区","a":"德城区","y":"DeChengQu","b":"DCQ","z":"253011"},{"i":"371421","n":"陵县","a":"陵县","y":"LingXian","b":"LX","z":"253500"},{"i":"371422","n":"宁津县","a":"宁津","y":"NingJin","b":"NJ","z":"253400"},{"i":"371423","n":"庆云县","a":"庆云","y":"QingYun","b":"QY","z":"253700"},{"i":"371424","n":"临邑县","a":"临邑","y":"LinYi","b":"LY","z":"251500"},{"i":"371425","n":"齐河县","a":"齐河","y":"QiHe","b":"QH","z":"251100"},{"i":"371426","n":"平原县","a":"平原","y":"PingYuan","b":"PY","z":"253121"},{"i":"371427","n":"夏津县","a":"夏津","y":"XiaJin","b":"XJ","z":"253200"},{"i":"371428","n":"武城县","a":"武城","y":"WuCheng","b":"WC","z":"253300"},{"i":"371481","n":"乐陵市","a":"乐陵","y":"LeLing","b":"LL","z":"253600"},{"i":"371482","n":"禹城市","a":"禹城","y":"YuCheng","b":"YC","z":"251200"}]},{"i":"371500","n":"聊城市","a":"聊城","y":"LiaoCheng","b":"LC","z":"252000","c":[{"i":"371502","n":"东昌府区","a":"东昌府区","y":"DongChangFuQu","b":"DCFQ","z":"252000"},{"i":"371521","n":"阳谷县","a":"阳谷","y":"YangGu","b":"YG","z":"252300"},{"i":"371522","n":"莘县","a":"莘县","y":"ShenXian","b":"SX","z":"252400"},{"i":"371523","n":"茌平县","a":"茌平","y":"ChiPing","b":"CP","z":"252100"},{"i":"371524","n":"东阿县","a":"东阿","y":"DongA","b":"DA","z":"252200"},{"i":"371525","n":"冠县","a":"冠县","y":"GuanXian","b":"GX","z":"252500"},{"i":"371526","n":"高唐县","a":"高唐","y":"GaoTang","b":"GT","z":"252800"},{"i":"371581","n":"临清市","a":"临清","y":"LinQing","b":"LQ","z":"252600"}]},{"i":"371600","n":"滨州市","a":"滨州","y":"BinZhou","b":"BZ","z":"256600","c":[{"i":"371602","n":"滨城区","a":"滨城区","y":"BinChengQu","b":"BCQ","z":"256600"},{"i":"371621","n":"惠民县","a":"惠民","y":"HuiMin","b":"HM","z":"257100"},{"i":"371622","n":"阳信县","a":"阳信","y":"YangXin","b":"YX","z":"251800"},{"i":"371623","n":"无棣县","a":"无棣","y":"WuDi","b":"WD","z":"251900"},{"i":"371624","n":"沾化县","a":"沾化","y":"ZhanHua","b":"ZH","z":"256800"},{"i":"371625","n":"博兴县","a":"博兴","y":"BoXing","b":"BX","z":"256500"},{"i":"371626","n":"邹平县","a":"邹平","y":"ZouPing","b":"ZP","z":"256200"}]},{"i":"371700","n":"菏泽市","a":"菏泽","y":"HeZe","b":"HZ","z":"274000","c":[{"i":"371702","n":"牡丹区","a":"牡丹区","y":"MuDanQu","b":"MDQ","z":"274009"},{"i":"371721","n":"曹县","a":"曹县","y":"CaoXian","b":"CX","z":"274400"},{"i":"371722","n":"单县","a":"单县","y":"DanXian","b":"DX","z":"274300"},{"i":"371723","n":"成武县","a":"成武","y":"ChengWu","b":"CW","z":"274200"},{"i":"371724","n":"巨野县","a":"巨野","y":"JuYe","b":"JY","z":"274900"},{"i":"371725","n":"郓城县","a":"郓城","y":"YunCheng","b":"YC","z":"274700"},{"i":"371726","n":"鄄城县","a":"鄄城","y":"JuanCheng","b":"JC","z":"274600"},{"i":"371727","n":"定陶县","a":"定陶","y":"DingTao","b":"DT","z":"274100"},{"i":"371728","n":"东明县","a":"东明","y":"DongMing","b":"DM","z":"274500"}]}]