[{"i":"410100","n":"郑州市","a":"郑州","y":"ZhengZhou","b":"ZZ","z":"450000","c":[{"i":"410102","n":"中原区","a":"中原区","y":"ZhongYuanQu","b":"ZYQ","z":"450007"},{"i":"410103","n":"二七区","a":"二七区","y":"ErQiQu","b":"EQQ","z":"450000"},{"i":"410104","n":"管城回族区","a":"管城回族区","y":"GuanChengHuiZuQu","b":"GCHZQ","z":"450000"},{"i":"410105","n":"金水区","a":"金水区","y":"JinShuiQu","b":"JSQ","z":"450003"},{"i":"410106","n":"上街区","a":"上街区","y":"ShangJieQu","b":"SJQ","z":"450041"},{"i":"410108","n":"惠济区","a":"惠济区","y":"HuiJiQu","b":"HJQ","z":"450053"},{"i":"410122","n":"中牟县","a":"中牟","y":"ZhongMou","b":"ZM","z":"451450"},{"i":"410181","n":"巩义市","a":"巩义","y":"GongYi","b":"GY","z":"451200"},{"i":"410182","n":"荥阳市","a":"荥阳","y":"XingYang","b":"XY","z":"450100"},{"i":"410183","n":"新密市","a":"新密","y":"XinMi","b":"XM","z":"452300"},{"i":"410184","n":"新郑市","a":"新郑","y":"XinZheng","b":"XZ","z":"451150"},{"i":"410185","n":"登封市","a":"登封","y":"DengFeng","b":"DF","z":"452470"}]},{"i":"410200","n":"开封市","a":"开封","y":"KaiFeng","b":"KF","z":"475000","c":[{"i":"410202","n":"龙亭区","a":"龙亭区","y":"LongTingQu","b":"LTQ","z":"475100"},{"i":"410203","n":"顺河回族区","a":"顺河回族区","y":"ShunHeHuiZuQu","b":"SHHZQ","z":"475000"},{"i":"410204","n":"鼓楼区","a":"鼓楼区","y":"GuLouQu","b":"GLQ","z":"475000"},{"i":"410205","n":"禹王台区","a":"禹王台区","y":"YuWangTaiQu","b":"YWTQ","z":"475003"},{"i":"410211","n":"金明区","a":"金明区","y":"JinMingQu","b":"JMQ","z":"475002"},{"i":"410221","n":"杞县","a":"杞县","y":"QiXian","b":"QX","z":"475200"},{"i":"410222","n":"通许县","a":"通许","y":"TongXu","b":"TX","z":"475400"},{"i":"410223","n":"尉氏县","a":"尉氏","y":"WeiShi","b":"WS","z":"475500"},{"i":"410224","n":"开封县","a":"开封","y":"KaiFeng","b":"KF","z":"475100"},{"i":"410225","n":"兰考县","a":"兰考","y":"LanKao","b":"LK","z":"475300"}]},{"i":"410300","n":"洛阳市","a":"洛阳","y":"LuoYang","b":"LY","z":"471000","c":[{"i":"410302","n":"老城区","a":"老城区","y":"LaoChengQu","b":"LCQ","z":"471002"},{"i":"410303","n":"西工区","a":"西工区","y":"XiGongQu","b":"XGQ","z":"471000"},{"i":"410304","n":"瀍河回族区","a":"瀍河回族区","y":"ChanHeHuiZuQu","b":"CHHZQ","z":"471002"},{"i":"410305","n":"涧西区","a":"涧西区","y":"JianXiQu","b":"JXQ","z":"471003"},{"i":"410306","n":"吉利区","a":"吉利区","y":"JiLiQu","b":"JLQ","z":"471012"},{"i":"410311","n":"洛龙区","a":"洛龙区","y":"LuoLongQu","b":"LLQ","z":""},{"i":"410322","n":"孟津县","a":"孟津","y":"MengJin","b":"MJ","z":"471100"},{"i":"410323","n":"新安县","a":"新安","y":"XinAn","b":"XA","z":"471800"},{"i":"410324","n":"栾川县","a":"栾川","y":"LuanChuan","b":"LC","z":"471500"},{"i":"410325","n":"嵩县","a":"嵩县","y":"SongXian","b":"SX","z":"471400"},{"i":"410326","n":"汝阳县","a":"汝阳","y":"RuYang","b":"RY","z":"471200"},{"i":"410327","n":"宜阳县","a":"宜阳","y":"YiYang","b":"YY","z":"471600"},{"i":"410328","n":"洛宁县","a":"洛宁","y":"LuoNing","b":"LN","z":"471700"},{"i":"410329","n":"伊川县","a":"伊川","y":"YiChuan","b":"YC","z":"471300"},{"i":"410381","n":"偃师市","a":"偃师","y":"YanShi","b":"YS","z":"471900"}]},{"i":"410400","n":"平顶山市","a":"平顶山","y":"PingDingShan","b":"PDS","z":"467000","c":[{"i":"410402","n":"新华区","a":"新华区","y":"XinHuaQu","b":"XHQ","z":"467002"},{"i":"410403","n":"卫东区","a":"卫东区","y":"WeiDongQu","b":"WDQ","z":"467021"},{"i":"410404","n":"石龙区","a":"石龙区","y":"ShiLongQu","b":"SLQ","z":"467045"},{"i":"410411","n":"湛河区","a":"湛河区","y":"ZhanHeQu","b":"ZHQ","z":"467000"},{"i":"410421","n":"宝丰县","a":"宝丰","y":"BaoFeng","b":"BF","z":"467400"},{"i":"410422","n":"叶县","a":"叶县","y":"YeXian","b":"YX","z":"467200"},{"i":"410423","n":"鲁山县","a":"鲁山","y":"LuShan","b":"LS","z":"467300"},{"i":"410425","n":"郏县","a":"郏县","y":"JiaXian","b":"JX","z":"467100"},{"i":"410481","n":"舞钢市","a":"舞钢","y":"WuGang","b":"WG","z":"462500"},{"i":"410482","n":"汝州市","a":"汝州","y":"RuZhou","b":"RZ","z":"467500"}]},{"i":"410500","n":"安阳市","a":"安阳","y":"AnYang","b":"AY","z":"455000","c":[{"i":"410502","n":"文峰区","a":"文峰区","y":"WenFengQu","b":"WFQ","z":"455000"},{"i":"410503","n":"北关区","a":"北关区","y":"BeiGuanQu","b":"BGQ","z":"455001"},{"i":"410505","n":"殷都区","a":"殷都区","y":"YinDouQu","b":"YDQ","z":"455004"},{"i":"410506","n":"龙安区","a":"龙安区","y":"LongAnQu","b":"LAQ","z":"455001"},{"i":"410522","n":"安阳县","a":"安阳","y":"AnYang","b":"AY","z":"455100"},{"i":"410523","n":"汤阴县","a":"汤阴","y":"TangYin","b":"TY","z":"456150"},{"i":"410526","n":"滑县","a":"滑县","y":"HuaXian","b":"HX","z":"456400"},{"i":"410527","n":"内黄县","a":"内黄","y":"NeiHuang","b":"NH","z":"456300"},{"i":"410581","n":"林州市","a":"林州","y":"LinZhou","b":"LZ","z":"456500"}]},{"i":"410600","n":"鹤壁市","a":"鹤壁","y":"HeBi","b":"HB","z":"458000","c":[{"i":"410602","n":"鹤山区","a":"鹤山区","y":"HeShanQu","b":"HSQ","z":"458010"},{"i":"410603","n":"山城区","a":"山城区","y":"ShanChengQu","b":"SCQ","z":"458000"},{"i":"410611","n":"淇滨区","a":"淇滨区","y":"QiBinQu","b":"QBQ","z":"458030"},{"i":"410621","n":"浚县","a":"浚县","y":"JunXian","b":"JX","z":"456250"},{"i":"410622","n":"淇县","a":"淇县","y":"QiXian","b":"QX","z":"456750"}]},{"i":"410700","n":"新乡市","a":"新乡","y":"XinXiang","b":"XX","z":"453000","c":[{"i":"410702","n":"红旗区","a":"红旗区","y":"HongQiQu","b":"HQQ","z":"453000"},{"i":"410703","n":"卫滨区","a":"卫滨区","y":"WeiBinQu","b":"WBQ","z":"453000"},{"i":"410704","n":"凤泉区","a":"凤泉区","y":"FengQuanQu","b":"FQQ","z":"453011"},{"i":"410711","n":"牧野区","a":"牧野区","y":"MuYeQu","b":"MYQ","z":"453002"},{"i":"410721","n":"新乡县","a":"新乡","y":"XinXiang","b":"XX","z":"453700"},{"i":"410724","n":"获嘉县","a":"获嘉","y":"HuoJia","b":"HJ","z":"453800"},{"i":"410725","n":"原阳县","a":"原阳","y":"YuanYang","b":"YY","z":"453500"},{"i":"410726","n":"延津县","a":"延津","y":"YanJin","b":"YJ","z":"453200"},{"i":"410727","n":"封丘县","a":"封丘","y":"FengQiu","b":"FQ","z":"453300"},{"i":"410728","n":"长垣县","a":"长垣","y":"ZhangYuan","b":"ZY","z":"453400"},{"i":"410781","n":"卫辉市","a":"卫辉","y":"WeiHui","b":"WH","z":"453100"},{"i":"410782","n":"辉县市","a":"辉县","y":"HuiXian","b":"HX","z":"453600"}]},{"i":"410800","n":"焦作市","a":"焦作","y":"JiaoZuo","b":"JZ","z":"454000","c":[{"i":"410802","n":"解放区","a":"解放区","y":"JieFangQu","b":"JFQ","z":"454000"},{"i":"410803","n":"中站区","a":"中站区","y":"ZhongZhanQu","b":"ZZQ","z":"454191"},{"i":"410804","n":"马村区","a":"马村区","y":"MaCunQu","b":"MCQ","z":"454171"},{"i":"410811","n":"山阳区","a":"山阳区","y":"ShanYangQu","b":"SYQ","z":"454002"},{"i":"410821","n":"修武县","a":"修武","y":"XiuWu","b":"XW","z":"454350"},{"i":"410822","n":"博爱县","a":"博爱","y":"BoAi","b":"BA","z":"454450"},{"i":"410823","n":"武陟县","a":"武陟","y":"WuZhi","b":"WZ","z":"454950"},{"i":"410825","n":"温县","a":"温县","y":"WenXian","b":"WX","z":"454850"},{"i":"410882","n":"沁阳市","a":"沁阳","y":"QinYang","b":"QY","z":"454550"},{"i":"410883","n":"孟州市","a":"孟州","y":"MengZhou","b":"MZ","z":"454750"}]},{"i":"410900","n":"濮阳市","a":"濮阳","y":"PuYang","b":"PY","z":"457000","c":[{"i":"410902","n":"华龙区","a":"华龙区","y":"HuaLongQu","b":"HLQ","z":"457001"},{"i":"410922","n":"清丰县","a":"清丰","y":"QingFeng","b":"QF","z":"457300"},{"i":"410923","n":"南乐县","a":"南乐","y":"NanLe","b":"NL","z":"457400"},{"i":"410926","n":"范县","a":"范县","y":"FanXian","b":"FX","z":"457500"},{"i":"410927","n":"台前县","a":"台前","y":"TaiQian","b":"TQ","z":"457600"},{"i":"410928","n":"濮阳县","a":"濮阳","y":"PuYang","b":"PY","z":"457100"}]},{"i":"411000","n":"许昌市","a":"许昌","y":"XuChang","b":"XC","z":"461000","c":[{"i":"411002","n":"魏都区","a":"魏都区","y":"WeiDouQu","b":"WDQ","z":"461000"},{"i":"411023","n":"许昌县","a":"许昌","y":"XuChang","b":"XC","z":"461100"},{"i":"411024","n":"鄢陵县","a":"鄢陵","y":"YanLing","b":"YL","z":"461200"},{"i":"411025","n":"襄城县","a":"襄城","y":"XiangCheng","b":"XC","z":"461700"},{"i":"411081","n":"禹州市","a":"禹州","y":"YuZhou","b":"YZ","z":"461670"},{"i":"411082","n":"长葛市","a":"长葛","y":"ZhangGe","b":"ZG","z":"461500"}]},{"i":"411200","n":"三门峡市","a":"三门峡","y":"SanMenXia","b":"SMX","z":"472000","c":[{"i":"411202","n":"湖滨区","a":"湖滨区","y":"HuBinQu","b":"HBQ","z":"472000"},{"i":"411221","n":"渑池县","a":"渑池","y":"MianChi","b":"MC","z":"472400"},{"i":"411222","n":"陕县","a":"陕县","y":"ShanXian","b":"SX","z":"472100"},{"i":"411224","n":"卢氏县","a":"卢氏","y":"LuShi","b":"LS","z":"472200"},{"i":"411281","n":"义马市","a":"义马","y":"YiMa","b":"YM","z":"472300"},{"i":"411282","n":"灵宝市","a":"灵宝","y":"LingBao","b":"LB","z":"472500"}]},{"i":"411300","n":"南阳市","a":"南阳","y":"NanYang","b":"NY","z":"473000","c":[{"i":"411302","n":"宛城区","a":"宛城区","y":"WanChengQu","b":"WCQ","z":"473001"},{"i":"411303","n":"卧龙区","a":"卧龙区","y":"WoLongQu","b":"WLQ","z":"473003"},{"i":"411321","n":"南召县","a":"南召","y":"NanZhao","b":"NZ","z":"474650"},{"i":"411322","n":"方城县","a":"方城","y":"FangCheng","b":"FC","z":"473200"},{"i":"411323","n":"西峡县","a":"西峡","y":"XiXia","b":"XX","z":"474550"},{"i":"411324","n":"镇平县","a":"镇平","y":"ZhenPing","b":"ZP","z":"474250"},{"i":"411325","n":"内乡县","a":"内乡","y":"NeiXiang","b":"NX","z":"474350"},{"i":"411326","n":"淅川县","a":"淅川","y":"XiChuan","b":"XC","z":"474450"},{"i":"411327","n":"社旗县","a":"社旗","y":"SheQi","b":"SQ","z":"473300"},{"i":"411328","n":"唐河县","a":"唐河","y":"TangHe","b":"TH","z":"473400"},{"i":"411329","n":"新野县","a":"新野","y":"XinYe","b":"XY","z":"473500"},{"i":"411330","n":"桐柏县","a":"桐柏","y":"TongBai","b":"TB","z":"474750"},{"i":"411381","n":"邓州市","a":"邓州","y":"DengZhou","b":"DZ","z":"474150"}]},{"i":"411400","n":"商丘市","a":"商丘","y":"ShangQiu","b":"SQ","z":"476000","c":[{"i":"411402","n":"梁园区","a":"梁园区","y":"LiangYuanQu","b":"LYQ","z":"476000"},{"i":"411403","n":"睢阳区","a":"睢阳区","y":"SuiYangQu","b":"SYQ","z":"476100"},{"i":"411421","n":"民权县","a":"民权","y":"MinQuan","b":"MQ","z":"476800"},{"i":"411422","n":"睢县","a":"睢县","y":"SuiXian","b":"SX","z":"476900"},{"i":"411423","n":"宁陵县","a":"宁陵","y":"NingLing","b":"NL","z":"476700"},{"i":"411424","n":"柘城县","a":"柘城","y":"ZheCheng","b":"ZC","z":"476200"},{"i":"411425","n":"虞城县","a":"虞城","y":"YuCheng","b":"YC","z":"476300"},{"i":"411426","n":"夏邑县","a":"夏邑","y":"XiaYi","b":"XY","z":"476400"},{"i":"411481","n":"永城市","a":"永城","y":"YongCheng","b":"YC","z":"476600"}]},{"i":"411500","n":"信阳市","a":"信阳","y":"XinYang","b":"XY","z":"464000","c":[{"i":"411502","n":"浉河区","a":"浉河区","y":"ShiHeQu","b":"SHQ","z":"464000"},{"i":"411503","n":"平桥区","a":"平桥区","y":"PingQiaoQu","b":"PQQ","z":"464100"},{"i":"411521","n":"罗山县","a":"罗山","y":"LuoShan","b":"LS","z":"464200"},{"i":"411522","n":"光山县","a":"光山","y":"GuangShan","b":"GS","z":"465450"},{"i":"411523","n":"新县","a":"新县","y":"XinXian","b":"XX","z":"465550"},{"i":"411524","n":"商城县","a":"商城","y":"ShangCheng","b":"SC","z":"465350"},{"i":"411525","n":"固始县","a":"固始","y":"GuShi","b":"GS","z":"465200"},{"i":"411526","n":"潢川县","a":"潢川","y":"HuangChuan","b":"HC","z":"465150"},{"i":"411527","n":"淮滨县","a":"淮滨","y":"HuaiBin","b":"HB","z":"464400"},{"i":"411528","n":"息县","a":"息县","y":"XiXian","b":"XX","z":"464300"}]},{"i":"411600","n":"周口市","a":"周口","y":"ZhouKou","b":"ZK","z":"466000","c":[{"i":"411602","n":"川汇区","a":"川汇区","y":"ChuanHuiQu","b":"CHQ","z":"466000"},{"i":"411621","n":"扶沟县","a":"扶沟","y":"FuGou","b":"FG","z":"461300"},{"i":"411622","n":"西华县","a":"西华","y":"XiHua","b":"XH","z":"466600"},{"i":"411623","n":"商水县","a":"商水","y":"ShangShui","b":"SS","z":"466100"},{"i":"411624","n":"沈丘县","a":"沈丘","y":"ChenQiu","b":"CQ","z":"466300"},{"i":"411625","n":"郸城县","a":"郸城","y":"DanCheng","b":"DC","z":"477150"},{"i":"411626","n":"淮阳县","a":"淮阳","y":"HuaiYang","b":"HY","z":"466700"},{"i":"411627","n":"太康县","a":"太康","y":"TaiKang","b":"TK","z":"475400"},{"i":"411628","n":"鹿邑县","a":"鹿邑","y":"LuYi","b":"LY","z":"477200"},{"i":"411681","n":"项城市","a":"项城","y":"XiangCheng","b":"XC","z":"466200"}]},{"i":"411700","n":"驻马店市","a":"驻马店","y":"ZhuMaDian","b":"ZMD","z":"463000","c":[{"i":"411702","n":"驿城区","a":"驿城区","y":"YiChengQu","b":"YCQ","z":"463000"},{"i":"411721","n":"西平县","a":"西平","y":"XiPing","b":"XP","z":"463900"},{"i":"411722","n":"上蔡县","a":"上蔡","y":"ShangCai","b":"SC","z":"463800"},{"i":"411723","n":"平舆县","a":"平舆","y":"PingYu","b":"PY","z":"463400"},{"i":"411724","n":"正阳县","a":"正阳","y":"ZhengYang","b":"ZY","z":"463600"},{"i":"411725","n":"确山县","a":"确山","y":"QueShan","b":"QS","z":"463200"},{"i":"411726","n":"泌阳县","a":"泌阳","y":"MiYang","b":"MY","z":"463700"},{"i":"411727","n":"汝南县","a":"汝南","y":"RuNan","b":"RN","z":"463300"},{"i":"411728","n":"遂平县","a":"遂平","y":"SuiPing","b":"SP","z":"463100"},{"i":"411729","n":"新蔡县","a":"新蔡","y":"XinCai","b":"XC","z":"463500"}]},{"i":"419001","n":"济源市","a":"济源","y":"JiYuan","b":"JY","z":"454650"}]