[{"i":"420100","n":"武汉市","a":"武汉","y":"WuHan","b":"WH","z":"430000","c":[{"i":"420102","n":"江岸区","a":"江岸区","y":"JiangAnQu","b":"JAQ","z":"430014"},{"i":"420103","n":"江汉区","a":"江汉区","y":"JiangHanQu","b":"JHQ","z":"430015"},{"i":"420104","n":"硚口区","a":"硚口区","y":"QiaoKouQu","b":"QKQ","z":"430033"},{"i":"420105","n":"汉阳区","a":"汉阳区","y":"HanYangQu","b":"HYQ","z":"430050"},{"i":"420106","n":"武昌区","a":"武昌区","y":"WuChangQu","b":"WCQ","z":"430061"},{"i":"420107","n":"青山区","a":"青山区","y":"QingShanQu","b":"QSQ","z":"430080"},{"i":"420111","n":"洪山区","a":"洪山区","y":"HongShanQu","b":"HSQ","z":"430070"},{"i":"420112","n":"东西湖区","a":"东西湖区","y":"DongXiHuQu","b":"DXHQ","z":"430040"},{"i":"420113","n":"汉南区","a":"汉南区","y":"HanNanQu","b":"HNQ","z":"430090"},{"i":"420114","n":"蔡甸区","a":"蔡甸区","y":"CaiDianQu","b":"CDQ","z":"430100"},{"i":"420115","n":"江夏区","a":"江夏区","y":"JiangXiaQu","b":"JXQ","z":"430200"},{"i":"420116","n":"黄陂区","a":"黄陂区","y":"HuangBeiQu","b":"HBQ","z":"430300"},{"i":"420117","n":"新洲区","a":"新洲区","y":"XinZhouQu","b":"XZQ","z":"431400"}]},{"i":"420200","n":"黄石市","a":"黄石","y":"HuangShi","b":"HS","z":"435000","c":[{"i":"420202","n":"黄石港区","a":"黄石港区","y":"HuangShiGangQu","b":"HSGQ","z":"435002"},{"i":"420203","n":"西塞山区","a":"西塞山区","y":"XiSaiShanQu","b":"XSSQ","z":"435001"},{"i":"420204","n":"下陆区","a":"下陆区","y":"XiaLuQu","b":"XLQ","z":"435004"},{"i":"420205","n":"铁山区","a":"铁山区","y":"TieShanQu","b":"TSQ","z":"435006"},{"i":"420222","n":"阳新县","a":"阳新","y":"YangXin","b":"YX","z":"435200"},{"i":"420281","n":"大冶市","a":"大冶","y":"DaYe","b":"DY","z":"435100"}]},{"i":"420300","n":"十堰市","a":"十堰","y":"ShiYan","b":"SY","z":"442000","c":[{"i":"420302","n":"茅箭区","a":"茅箭区","y":"MaoJianQu","b":"MJQ","z":"442012"},{"i":"420303","n":"张湾区","a":"张湾区","y":"ZhangWanQu","b":"ZWQ","z":"442001"},{"i":"420321","n":"郧县","a":"郧县","y":"YunXian","b":"YX","z":"442500"},{"i":"420322","n":"郧西县","a":"郧西","y":"YunXi","b":"YX","z":"442600"},{"i":"420323","n":"竹山县","a":"竹山","y":"ZhuShan","b":"ZS","z":"442200"},{"i":"420324","n":"竹溪县","a":"竹溪","y":"ZhuXi","b":"ZX","z":"442300"},{"i":"420325","n":"房县","a":"房县","y":"FangXian","b":"FX","z":"442100"},{"i":"420381","n":"丹江口市","a":"丹江口","y":"DanJiangKou","b":"DJK","z":"441900"}]},{"i":"420500","n":"宜昌市","a":"宜昌","y":"YiChang","b":"YC","z":"443000","c":[{"i":"420502","n":"西陵区","a":"西陵区","y":"XiLingQu","b":"XLQ","z":"443000"},{"i":"420503","n":"伍家岗区","a":"伍家岗区","y":"WuJiaGangQu","b":"WJGQ","z":"443001"},{"i":"420504","n":"点军区","a":"点军区","y":"DianJunQu","b":"DJQ","z":"443006"},{"i":"420505","n":"猇亭区","a":"猇亭区","y":"XiaoTingQu","b":"XTQ","z":"443007"},{"i":"420506","n":"夷陵区","a":"夷陵区","y":"YiLingQu","b":"YLQ","z":"443100"},{"i":"420525","n":"远安县","a":"远安","y":"YuanAn","b":"YA","z":"444200"},{"i":"420526","n":"兴山县","a":"兴山","y":"XingShan","b":"XS","z":"443700"},{"i":"420527","n":"秭归县","a":"秭归","y":"ZiGui","b":"ZG","z":"443600"},{"i":"420528","n":"长阳土家族自治县","a":"长阳土家族","y":"ZhangYangTuJiaZu","b":"ZYTJZ","z":"443500"},{"i":"420529","n":"五峰土家族自治县","a":"五峰土家族","y":"WuFengTuJiaZu","b":"WFTJZ","z":"443400"},{"i":"420581","n":"宜都市","a":"宜都","y":"YiDou","b":"YD","z":"443300"},{"i":"420582","n":"当阳市","a":"当阳","y":"DangYang","b":"DY","z":"444100"},{"i":"420583","n":"枝江市","a":"枝江","y":"ZhiJiang","b":"ZJ","z":"443200"}]},{"i":"420600","n":"襄阳市","a":"襄阳","y":"XiangYang","b":"XY","z":"441000","c":[{"i":"420602","n":"襄城区","a":"襄城区","y":"XiangChengQu","b":"XCQ","z":"441021"},{"i":"420606","n":"樊城区","a":"樊城区","y":"FanChengQu","b":"FCQ","z":"441001"},{"i":"420607","n":"襄州区","a":"襄州区","y":"XiangZhouQu","b":"XZQ","z":"441100"},{"i":"420624","n":"南漳县","a":"南漳","y":"NanZhang","b":"NZ","z":"441500"},{"i":"420625","n":"谷城县","a":"谷城","y":"GuCheng","b":"GC","z":"441700"},{"i":"420626","n":"保康县","a":"保康","y":"BaoKang","b":"BK","z":"441600"},{"i":"420682","n":"老河口市","a":"老河口","y":"LaoHeKou","b":"LHK","z":"441800"},{"i":"420683","n":"枣阳市","a":"枣阳","y":"ZaoYang","b":"ZY","z":"441200"},{"i":"420684","n":"宜城市","a":"宜城","y":"YiCheng","b":"YC","z":"441400"}]},{"i":"420700","n":"鄂州市","a":"鄂州","y":"EZhou","b":"EZ","z":"436000","c":[{"i":"420702","n":"梁子湖区","a":"梁子湖区","y":"LiangZiHuQu","b":"LZHQ","z":"436064"},{"i":"420703","n":"华容区","a":"华容区","y":"HuaRongQu","b":"HRQ","z":"436030"},{"i":"420704","n":"鄂城区","a":"鄂城区","y":"EChengQu","b":"ECQ","z":"436000"}]},{"i":"420800","n":"荆门市","a":"荆门","y":"JingMen","b":"JM","z":"448000","c":[{"i":"420802","n":"东宝区","a":"东宝区","y":"DongBaoQu","b":"DBQ","z":"448004"},{"i":"420804","n":"掇刀区","a":"掇刀区","y":"DuoDaoQu","b":"DDQ","z":"448124"},{"i":"420821","n":"京山县","a":"京山","y":"JingShan","b":"JS","z":"431800"},{"i":"420822","n":"沙洋县","a":"沙洋","y":"ShaYang","b":"SY","z":"448200"},{"i":"420881","n":"钟祥市","a":"钟祥","y":"ZhongXiang","b":"ZX","z":"431900"}]},{"i":"420900","n":"孝感市","a":"孝感","y":"XiaoGan","b":"XG","z":"432000","c":[{"i":"420902","n":"孝南区","a":"孝南区","y":"XiaoNanQu","b":"XNQ","z":"432100"},{"i":"420921","n":"孝昌县","a":"孝昌","y":"XiaoChang","b":"XC","z":"432900"},{"i":"420922","n":"大悟县","a":"大悟","y":"DaWu","b":"DW","z":"432800"},{"i":"420923","n":"云梦县","a":"云梦","y":"YunMeng","b":"YM","z":"432500"},{"i":"420981","n":"应城市","a":"应城","y":"YingCheng","b":"YC","z":"432400"},{"i":"420982","n":"安陆市","a":"安陆","y":"AnLu","b":"AL","z":"432600"},{"i":"420984","n":"汉川市","a":"汉川","y":"HanChuan","b":"HC","z":"431600"}]},{"i":"421000","n":"荆州市","a":"荆州","y":"JingZhou","b":"JZ","z":"434000","c":[{"i":"421002","n":"沙市区","a":"沙市区","y":"ShaShiQu","b":"SSQ","z":"434000"},{"i":"421003","n":"荆州区","a":"荆州区","y":"JingZhouQu","b":"JZQ","z":"434020"},{"i":"421022","n":"公安县","a":"公安","y":"GongAn","b":"GA","z":"434300"},{"i":"421023","n":"监利县","a":"监利","y":"JianLi","b":"JL","z":"433300"},{"i":"421024","n":"江陵县","a":"江陵","y":"JiangLing","b":"JL","z":"434100"},{"i":"421081","n":"石首市","a":"石首","y":"ShiShou","b":"SS","z":"434400"},{"i":"421083","n":"洪湖市","a":"洪湖","y":"HongHu","b":"HH","z":"433200"},{"i":"421087","n":"松滋市","a":"松滋","y":"SongZi","b":"SZ","z":"434200"}]},{"i":"421100","n":"黄冈市","a":"黄冈","y":"HuangGang","b":"HG","z":"438000","c":[{"i":"421102","n":"黄州区","a":"黄州区","y":"HuangZhouQu","b":"HZQ","z":"438000"},{"i":"421121","n":"团风县","a":"团风","y":"TuanFeng","b":"TF","z":"438000"},{"i":"421122","n":"红安县","a":"红安","y":"HongAn","b":"HA","z":"431500"},{"i":"421123","n":"罗田县","a":"罗田","y":"LuoTian","b":"LT","z":"438600"},{"i":"421124","n":"英山县","a":"英山","y":"YingShan","b":"YS","z":"438700"},{"i":"421125","n":"浠水县","a":"浠水","y":"XiShui","b":"XS","z":"438200"},{"i":"421126","n":"蕲春县","a":"蕲春","y":"QiChun","b":"QC","z":"436300"},{"i":"421127","n":"黄梅县","a":"黄梅","y":"HuangMei","b":"HM","z":"435500"},{"i":"421181","n":"麻城市","a":"麻城","y":"MaCheng","b":"MC","z":"438300"},{"i":"421182","n":"武穴市","a":"武穴","y":"WuXue","b":"WX","z":"435400"}]},{"i":"421200","n":"咸宁市","a":"咸宁","y":"XianNing","b":"XN","z":"437100","c":[{"i":"421202","n":"咸安区","a":"咸安区","y":"XianAnQu","b":"XAQ","z":"437000"},{"i":"421221","n":"嘉鱼县","a":"嘉鱼","y":"JiaYu","b":"JY","z":"437200"},{"i":"421222","n":"通城县","a":"通城","y":"TongCheng","b":"TC","z":"437400"},{"i":"421223","n":"崇阳县","a":"崇阳","y":"ChongYang","b":"CY","z":"437500"},{"i":"421224","n":"通山县","a":"通山","y":"TongShan","b":"TS","z":"437600"},{"i":"421281","n":"赤壁市","a":"赤壁","y":"ChiBi","b":"CB","z":"437300"}]},{"i":"421300","n":"随州市","a":"随州","y":"SuiZhou","b":"SZ","z":"441300","c":[{"i":"421303","n":"曾都区","a":"曾都区","y":"CengDouQu","b":"CDQ","z":""},{"i":"421321","n":"随县","a":"随县","y":"SuiXian","b":"SX","z":"441300"},{"i":"421381","n":"广水市","a":"广水","y":"GuangShui","b":"GS","z":"432700"}]},{"i":"422800","n":"恩施土家族苗族自治州","a":"恩施土家族苗族","y":"EnShiTuJiaZuMiaoZu","b":"ESTJZMZ","z":"445400","c":[{"i":"422801","n":"恩施市","a":"恩施","y":"EnShi","b":"ES","z":"445000"},{"i":"422802","n":"利川市","a":"利川","y":"LiChuan","b":"LC","z":"445400"},{"i":"422822","n":"建始县","a":"建始","y":"JianShi","b":"JS","z":"445300"},{"i":"422823","n":"巴东县","a":"巴东","y":"BaDong","b":"BD","z":"444300"},{"i":"422825","n":"宣恩县","a":"宣恩","y":"XuanEn","b":"XE","z":"445500"},{"i":"422826","n":"咸丰县","a":"咸丰","y":"XianFeng","b":"XF","z":"445600"},{"i":"422827","n":"来凤县","a":"来凤","y":"LaiFeng","b":"LF","z":"445700"},{"i":"422828","n":"鹤峰县","a":"鹤峰","y":"HeFeng","b":"HF","z":"445800"}]},{"i":"429004","n":"仙桃市","a":"仙桃","y":"XianTao","b":"XT","z":"433000"},{"i":"429005","n":"潜江市","a":"潜江","y":"QianJiang","b":"QJ","z":"433100"},{"i":"429006","n":"天门市","a":"天门","y":"TianMen","b":"TM","z":"431700"},{"i":"429021","n":"神农架林区","a":"神农架林区","y":"ShenNongJiaLinQu","b":"SNJLQ","z":"442400"}]