[{"i":"430100","n":"长沙市","a":"长沙","y":"ZhangSha","b":"ZS","z":"410000","c":[{"i":"430102","n":"芙蓉区","a":"芙蓉区","y":"FuRongQu","b":"FRQ","z":"410006"},{"i":"430103","n":"天心区","a":"天心区","y":"TianXinQu","b":"TXQ","z":"410002"},{"i":"430104","n":"岳麓区","a":"岳麓区","y":"YueLuQu","b":"YLQ","z":"410006"},{"i":"430105","n":"开福区","a":"开福区","y":"KaiFuQu","b":"KFQ","z":"410005"},{"i":"430111","n":"雨花区","a":"雨花区","y":"YuHuaQu","b":"YHQ","z":"410007"},{"i":"430112","n":"望城区","a":"望城区","y":"WangChengQu","b":"WCQ","z":""},{"i":"430121","n":"长沙县","a":"长沙","y":"ZhangSha","b":"ZS","z":"410100"},{"i":"430124","n":"宁乡县","a":"宁乡","y":"NingXiang","b":"NX","z":"410600"},{"i":"430181","n":"浏阳市","a":"浏阳","y":"LiuYang","b":"LY","z":"410300"}]},{"i":"430200","n":"株洲市","a":"株洲","y":"ZhuZhou","b":"ZZ","z":"412000","c":[{"i":"430202","n":"荷塘区","a":"荷塘区","y":"HeTangQu","b":"HTQ","z":"412000"},{"i":"430203","n":"芦淞区","a":"芦淞区","y":"LuSongQu","b":"LSQ","z":"412000"},{"i":"430204","n":"石峰区","a":"石峰区","y":"ShiFengQu","b":"SFQ","z":"412005"},{"i":"430211","n":"天元区","a":"天元区","y":"TianYuanQu","b":"TYQ","z":"412000"},{"i":"430221","n":"株洲县","a":"株洲","y":"ZhuZhou","b":"ZZ","z":"412100"},{"i":"430223","n":"攸县","a":"攸县","y":"YouXian","b":"YX","z":"412300"},{"i":"430224","n":"茶陵县","a":"茶陵","y":"ChaLing","b":"CL","z":"412400"},{"i":"430225","n":"炎陵县","a":"炎陵","y":"YanLing","b":"YL","z":"412500"},{"i":"430281","n":"醴陵市","a":"醴陵","y":"LiLing","b":"LL","z":"412200"}]},{"i":"430300","n":"湘潭市","a":"湘潭","y":"XiangTan","b":"XT","z":"411100","c":[{"i":"430302","n":"雨湖区","a":"雨湖区","y":"YuHuQu","b":"YHQ","z":"411100"},{"i":"430304","n":"岳塘区","a":"岳塘区","y":"YueTangQu","b":"YTQ","z":"411101"},{"i":"430321","n":"湘潭县","a":"湘潭","y":"XiangTan","b":"XT","z":"411200"},{"i":"430381","n":"湘乡市","a":"湘乡","y":"XiangXiang","b":"XX","z":"411400"},{"i":"430382","n":"韶山市","a":"韶山","y":"ShaoShan","b":"SS","z":"411300"}]},{"i":"430400","n":"衡阳市","a":"衡阳","y":"HengYang","b":"HY","z":"421000","c":[{"i":"430405","n":"珠晖区","a":"珠晖区","y":"ZhuHuiQu","b":"ZHQ","z":"421002"},{"i":"430406","n":"雁峰区","a":"雁峰区","y":"YanFengQu","b":"YFQ","z":"421001"},{"i":"430407","n":"石鼓区","a":"石鼓区","y":"ShiGuQu","b":"SGQ","z":"421001"},{"i":"430408","n":"蒸湘区","a":"蒸湘区","y":"ZhengXiangQu","b":"ZXQ","z":"421001"},{"i":"430412","n":"南岳区","a":"南岳区","y":"NanYueQu","b":"NYQ","z":"421900"},{"i":"430421","n":"衡阳县","a":"衡阳","y":"HengYang","b":"HY","z":"421200"},{"i":"430422","n":"衡南县","a":"衡南","y":"HengNan","b":"HN","z":"421100"},{"i":"430423","n":"衡山县","a":"衡山","y":"HengShan","b":"HS","z":"421300"},{"i":"430424","n":"衡东县","a":"衡东","y":"HengDong","b":"HD","z":"421400"},{"i":"430426","n":"祁东县","a":"祁东","y":"QiDong","b":"QD","z":"421600"},{"i":"430481","n":"耒阳市","a":"耒阳","y":"LeiYang","b":"LY","z":"421800"},{"i":"430482","n":"常宁市","a":"常宁","y":"ChangNing","b":"CN","z":"421500"}]},{"i":"430500","n":"邵阳市","a":"邵阳","y":"ShaoYang","b":"SY","z":"422000","c":[{"i":"430502","n":"双清区","a":"双清区","y":"ShuangQingQu","b":"SQQ","z":"422001"},{"i":"430503","n":"大祥区","a":"大祥区","y":"DaXiangQu","b":"DXQ","z":"422000"},{"i":"430511","n":"北塔区","a":"北塔区","y":"BeiTaQu","b":"BTQ","z":"422001"},{"i":"430521","n":"邵东县","a":"邵东","y":"ShaoDong","b":"SD","z":"422800"},{"i":"430522","n":"新邵县","a":"新邵","y":"XinShao","b":"XS","z":"422900"},{"i":"430523","n":"邵阳县","a":"邵阳","y":"ShaoYang","b":"SY","z":"422100"},{"i":"430524","n":"隆回县","a":"隆回","y":"LongHui","b":"LH","z":"422200"},{"i":"430525","n":"洞口县","a":"洞口","y":"DongKou","b":"DK","z":"422300"},{"i":"430527","n":"绥宁县","a":"绥宁","y":"SuiNing","b":"SN","z":"422600"},{"i":"430528","n":"新宁县","a":"新宁","y":"XinNing","b":"XN","z":"422700"},{"i":"430529","n":"城步苗族自治县","a":"城步苗族","y":"ChengBuMiaoZu","b":"CBMZ","z":"422500"},{"i":"430581","n":"武冈市","a":"武冈","y":"WuGang","b":"WG","z":"422400"}]},{"i":"430600","n":"岳阳市","a":"岳阳","y":"YueYang","b":"YY","z":"414000","c":[{"i":"430602","n":"岳阳楼区","a":"岳阳楼区","y":"YueYangLouQu","b":"YYLQ","z":"414000"},{"i":"430603","n":"云溪区","a":"云溪区","y":"YunXiQu","b":"YXQ","z":"414003"},{"i":"430611","n":"君山区","a":"君山区","y":"JunShanQu","b":"JSQ","z":"414005"},{"i":"430621","n":"岳阳县","a":"岳阳","y":"YueYang","b":"YY","z":"414100"},{"i":"430623","n":"华容县","a":"华容","y":"HuaRong","b":"HR","z":"414200"},{"i":"430624","n":"湘阴县","a":"湘阴","y":"XiangYin","b":"XY","z":"414600"},{"i":"430626","n":"平江县","a":"平江","y":"PingJiang","b":"PJ","z":"410400"},{"i":"430681","n":"汨罗市","a":"汨罗","y":"MiLuo","b":"ML","z":"414400"},{"i":"430682","n":"临湘市","a":"临湘","y":"LinXiang","b":"LX","z":"414300"}]},{"i":"430700","n":"常德市","a":"常德","y":"ChangDe","b":"CD","z":"415000","c":[{"i":"430702","n":"武陵区","a":"武陵区","y":"WuLingQu","b":"WLQ","z":"415000"},{"i":"430703","n":"鼎城区","a":"鼎城区","y":"DingChengQu","b":"DCQ","z":"415100"},{"i":"430721","n":"安乡县","a":"安乡","y":"AnXiang","b":"AX","z":"415600"},{"i":"430722","n":"汉寿县","a":"汉寿","y":"HanShou","b":"HS","z":"415900"},{"i":"430723","n":"澧县","a":"澧县","y":"LiXian","b":"LX","z":"415500"},{"i":"430724","n":"临澧县","a":"临澧","y":"LinLi","b":"LL","z":"415200"},{"i":"430725","n":"桃源县","a":"桃源","y":"TaoYuan","b":"TY","z":"415700"},{"i":"430726","n":"石门县","a":"石门","y":"ShiMen","b":"SM","z":"415300"},{"i":"430781","n":"津市市","a":"津市","y":"JinShi","b":"JS","z":"415400"}]},{"i":"430800","n":"张家界市","a":"张家界","y":"ZhangJiaJie","b":"ZJJ","z":"427000","c":[{"i":"430802","n":"永定区","a":"永定区","y":"YongDingQu","b":"YDQ","z":"427000"},{"i":"430811","n":"武陵源区","a":"武陵源区","y":"WuLingYuanQu","b":"WLYQ","z":"427400"},{"i":"430821","n":"慈利县","a":"慈利","y":"CiLi","b":"CL","z":"427200"},{"i":"430822","n":"桑植县","a":"桑植","y":"SangZhi","b":"SZ","z":"427100"}]},{"i":"430900","n":"益阳市","a":"益阳","y":"YiYang","b":"YY","z":"413000","c":[{"i":"430902","n":"资阳区","a":"资阳区","y":"ZiYangQu","b":"ZYQ","z":"413000"},{"i":"430903","n":"赫山区","a":"赫山区","y":"HeShanQu","b":"HSQ","z":"413002"},{"i":"430921","n":"南县","a":"南县","y":"NanXian","b":"NX","z":"413200"},{"i":"430922","n":"桃江县","a":"桃江","y":"TaoJiang","b":"TJ","z":"413400"},{"i":"430923","n":"安化县","a":"安化","y":"AnHua","b":"AH","z":"413500"},{"i":"430981","n":"沅江市","a":"沅江","y":"YuanJiang","b":"YJ","z":"413100"}]},{"i":"431000","n":"郴州市","a":"郴州","y":"ChenZhou","b":"CZ","z":"423000","c":[{"i":"431002","n":"北湖区","a":"北湖区","y":"BeiHuQu","b":"BHQ","z":"423000"},{"i":"431003","n":"苏仙区","a":"苏仙区","y":"SuXianQu","b":"SXQ","z":"423000"},{"i":"431021","n":"桂阳县","a":"桂阳","y":"GuiYang","b":"GY","z":"424400"},{"i":"431022","n":"宜章县","a":"宜章","y":"YiZhang","b":"YZ","z":"424200"},{"i":"431023","n":"永兴县","a":"永兴","y":"YongXing","b":"YX","z":"423300"},{"i":"431024","n":"嘉禾县","a":"嘉禾","y":"JiaHe","b":"JH","z":"424500"},{"i":"431025","n":"临武县","a":"临武","y":"LinWu","b":"LW","z":"424300"},{"i":"431026","n":"汝城县","a":"汝城","y":"RuCheng","b":"RC","z":"424100"},{"i":"431027","n":"桂东县","a":"桂东","y":"GuiDong","b":"GD","z":"423500"},{"i":"431028","n":"安仁县","a":"安仁","y":"AnRen","b":"AR","z":"423600"},{"i":"431081","n":"资兴市","a":"资兴","y":"ZiXing","b":"ZX","z":"423400"}]},{"i":"431100","n":"永州市","a":"永州","y":"YongZhou","b":"YZ","z":"425000","c":[{"i":"431102","n":"零陵区","a":"零陵区","y":"LingLingQu","b":"LLQ","z":"425007"},{"i":"431103","n":"冷水滩区","a":"冷水滩区","y":"LengShuiTanQu","b":"LSTQ","z":"425000"},{"i":"431121","n":"祁阳县","a":"祁阳","y":"QiYang","b":"QY","z":"426100"},{"i":"431122","n":"东安县","a":"东安","y":"DongAn","b":"DA","z":"425900"},{"i":"431123","n":"双牌县","a":"双牌","y":"ShuangPai","b":"SP","z":"425200"},{"i":"431124","n":"道县","a":"道县","y":"DaoXian","b":"DX","z":"425300"},{"i":"431125","n":"江永县","a":"江永","y":"JiangYong","b":"JY","z":"425400"},{"i":"431126","n":"宁远县","a":"宁远","y":"NingYuan","b":"NY","z":"425600"},{"i":"431127","n":"蓝山县","a":"蓝山","y":"LanShan","b":"LS","z":"425800"},{"i":"431128","n":"新田县","a":"新田","y":"XinTian","b":"XT","z":"425700"},{"i":"431129","n":"江华瑶族自治县","a":"江华瑶族","y":"JiangHuaYaoZu","b":"JHYZ","z":"425500"}]},{"i":"431200","n":"怀化市","a":"怀化","y":"HuaiHua","b":"HH","z":"418000","c":[{"i":"431202","n":"鹤城区","a":"鹤城区","y":"HeChengQu","b":"HCQ","z":"418000"},{"i":"431221","n":"中方县","a":"中方","y":"ZhongFang","b":"ZF","z":"418005"},{"i":"431222","n":"沅陵县","a":"沅陵","y":"YuanLing","b":"YL","z":"419600"},{"i":"431223","n":"辰溪县","a":"辰溪","y":"ChenXi","b":"CX","z":"419500"},{"i":"431224","n":"溆浦县","a":"溆浦","y":"XuPu","b":"XP","z":"419300"},{"i":"431225","n":"会同县","a":"会同","y":"HuiTong","b":"HT","z":"418300"},{"i":"431226","n":"麻阳苗族自治县","a":"麻阳苗族","y":"MaYangMiaoZu","b":"MYMZ","z":"419400"},{"i":"431227","n":"新晃侗族自治县","a":"新晃侗族","y":"XinHuangDongZu","b":"XHDZ","z":"419200"},{"i":"431228","n":"芷江侗族自治县","a":"芷江侗族","y":"ZhiJiangDongZu","b":"ZJDZ","z":"419100"},{"i":"431229","n":"靖州苗族侗族自治县","a":"靖州苗族侗族","y":"JingZhouMiaoZuDongZu","b":"JZMZDZ","z":"418400"},{"i":"431230","n":"通道侗族自治县","a":"通道侗族","y":"TongDaoDongZu","b":"TDDZ","z":"418500"},{"i":"431281","n":"洪江市","a":"洪江","y":"HongJiang","b":"HJ","z":"418200"}]},{"i":"431300","n":"娄底市","a":"娄底","y":"LouDi","b":"LD","z":"417000","c":[{"i":"431302","n":"娄星区","a":"娄星区","y":"LouXingQu","b":"LXQ","z":"417000"},{"i":"431321","n":"双峰县","a":"双峰","y":"ShuangFeng","b":"SF","z":"417700"},{"i":"431322","n":"新化县","a":"新化","y":"XinHua","b":"XH","z":"417600"},{"i":"431381","n":"冷水江市","a":"冷水江","y":"LengShuiJiang","b":"LSJ","z":"417500"},{"i":"431382","n":"涟源市","a":"涟源","y":"LianYuan","b":"LY","z":"417100"}]},{"i":"433100","n":"湘西土家族苗族自治州","a":"湘西土家族苗族","y":"XiangXiTuJiaZuMiaoZu","b":"XXTJZMZ","z":"416000","c":[{"i":"433101","n":"吉首市","a":"吉首","y":"JiShou","b":"JS","z":"416000"},{"i":"433122","n":"泸溪县","a":"泸溪","y":"LuXi","b":"LX","z":"416100"},{"i":"433123","n":"凤凰县","a":"凤凰","y":"FengHuang","b":"FH","z":"416200"},{"i":"433124","n":"花垣县","a":"花垣","y":"HuaYuan","b":"HY","z":"416400"},{"i":"433125","n":"保靖县","a":"保靖","y":"BaoJing","b":"BJ","z":"416500"},{"i":"433126","n":"古丈县","a":"古丈","y":"GuZhang","b":"GZ","z":"416300"},{"i":"433127","n":"永顺县","a":"永顺","y":"YongShun","b":"YS","z":"416700"},{"i":"433130","n":"龙山县","a":"龙山","y":"LongShan","b":"LS","z":"416800"}]}]