[{"i":"440100","n":"广州市","a":"广州","y":"GuangZhou","b":"GZ","z":"510000","c":[{"i":"440103","n":"荔湾区","a":"荔湾区","y":"LiWanQu","b":"LWQ","z":"510145"},{"i":"440104","n":"越秀区","a":"越秀区","y":"YueXiuQu","b":"YXQ","z":"510180"},{"i":"440105","n":"海珠区","a":"海珠区","y":"HaiZhuQu","b":"HZQ","z":"510220"},{"i":"440106","n":"天河区","a":"天河区","y":"TianHeQu","b":"THQ","z":"510510"},{"i":"440111","n":"白云区","a":"白云区","y":"BaiYunQu","b":"BYQ","z":"510440"},{"i":"440112","n":"黄埔区","a":"黄埔区","y":"HuangBuQu","b":"HBQ","z":"510700"},{"i":"440113","n":"番禺区","a":"番禺区","y":"FanYuQu","b":"FYQ","z":"511400"},{"i":"440114","n":"花都区","a":"花都区","y":"HuaDouQu","b":"HDQ","z":"510800"},{"i":"440115","n":"南沙区","a":"南沙区","y":"NanShaQu","b":"NSQ","z":""},{"i":"440116","n":"萝岗区","a":"萝岗区","y":"LuoGangQu","b":"LGQ","z":""},{"i":"440183","n":"增城市","a":"增城","y":"ZengCheng","b":"ZC","z":"511300"},{"i":"440184","n":"从化市","a":"从化","y":"CongHua","b":"CH","z":"510900"}]},{"i":"440200","n":"韶关市","a":"韶关","y":"ShaoGuan","b":"SG","z":"512000","c":[{"i":"440203","n":"武江区","a":"武江区","y":"WuJiangQu","b":"WJQ","z":"512026"},{"i":"440204","n":"浈江区","a":"浈江区","y":"ZhenJiangQu","b":"ZJQ","z":"512023"},{"i":"440205","n":"曲江区","a":"曲江区","y":"QuJiangQu","b":"QJQ","z":"512100"},{"i":"440222","n":"始兴县","a":"始兴","y":"ShiXing","b":"SX","z":"512500"},{"i":"440224","n":"仁化县","a":"仁化","y":"RenHua","b":"RH","z":"512300"},{"i":"440229","n":"翁源县","a":"翁源","y":"WengYuan","b":"WY","z":"512600"},{"i":"440232","n":"乳源瑶族自治县","a":"乳源瑶族","y":"RuYuanYaoZu","b":"RYYZ","z":"512700"},{"i":"440233","n":"新丰县","a":"新丰","y":"XinFeng","b":"XF","z":"511100"},{"i":"440281","n":"乐昌市","a":"乐昌","y":"LeChang","b":"LC","z":"512200"},{"i":"440282","n":"南雄市","a":"南雄","y":"NanXiong","b":"NX","z":"512400"}]},{"i":"440300","n":"深圳市","a":"深圳","y":"ShenZhen","b":"SZ","z":"518000","c":[{"i":"440303","n":"罗湖区","a":"罗湖区","y":"LuoHuQu","b":"LHQ","z":"518002"},{"i":"440304","n":"福田区","a":"福田区","y":"FuTianQu","b":"FTQ","z":"518031"},{"i":"440305","n":"南山区","a":"南山区","y":"NanShanQu","b":"NSQ","z":"518052"},{"i":"440306","n":"宝安区","a":"宝安区","y":"BaoAnQu","b":"BAQ","z":"518101"},{"i":"440307","n":"龙岗区","a":"龙岗区","y":"LongGangQu","b":"LGQ","z":"518116"},{"i":"440308","n":"盐田区","a":"盐田区","y":"YanTianQu","b":"YTQ","z":"518083"}]},{"i":"440400","n":"珠海市","a":"珠海","y":"ZhuHai","b":"ZH","z":"519000","c":[{"i":"440402","n":"香洲区","a":"香洲区","y":"XiangZhouQu","b":"XZQ","z":"519000"},{"i":"440403","n":"斗门区","a":"斗门区","y":"DouMenQu","b":"DMQ","z":"519100"},{"i":"440404","n":"金湾区","a":"金湾区","y":"JinWanQu","b":"JWQ","z":"519090"}]},{"i":"440500","n":"汕头市","a":"汕头","y":"ShanTou","b":"ST","z":"515000","c":[{"i":"440507","n":"龙湖区","a":"龙湖区","y":"LongHuQu","b":"LHQ","z":"515041"},{"i":"440511","n":"金平区","a":"金平区","y":"JinPingQu","b":"JPQ","z":"515041"},{"i":"440512","n":"濠江区","a":"濠江区","y":"HaoJiangQu","b":"HJQ","z":"515071"},{"i":"440513","n":"潮阳区","a":"潮阳区","y":"ChaoYangQu","b":"CYQ","z":"515100"},{"i":"440514","n":"潮南区","a":"潮南区","y":"ChaoNanQu","b":"CNQ","z":"515144"},{"i":"440515","n":"澄海区","a":"澄海区","y":"ChengHaiQu","b":"CHQ","z":"515800"},{"i":"440523","n":"南澳县","a":"南澳","y":"NanAo","b":"NA","z":"515900"}]},{"i":"440600","n":"佛山市","a":"佛山","y":"FuShan","b":"FS","z":"528000","c":[{"i":"440604","n":"禅城区","a":"禅城区","y":"ChanChengQu","b":"CCQ","z":"528000"},{"i":"440605","n":"南海区","a":"南海区","y":"NanHaiQu","b":"NHQ","z":"528200"},{"i":"440606","n":"顺德区","a":"顺德区","y":"ShunDeQu","b":"SDQ","z":"528300"},{"i":"440607","n":"三水区","a":"三水区","y":"SanShuiQu","b":"SSQ","z":"528100"},{"i":"440608","n":"高明区","a":"高明区","y":"GaoMingQu","b":"GMQ","z":"528500"}]},{"i":"440700","n":"江门市","a":"江门","y":"JiangMen","b":"JM","z":"529000","c":[{"i":"440703","n":"蓬江区","a":"蓬江区","y":"PengJiangQu","b":"PJQ","z":"529051"},{"i":"440704","n":"江海区","a":"江海区","y":"JiangHaiQu","b":"JHQ","z":"529000"},{"i":"440705","n":"新会区","a":"新会区","y":"XinHuiQu","b":"XHQ","z":"529100"},{"i":"440781","n":"台山市","a":"台山","y":"TaiShan","b":"TS","z":"529200"},{"i":"440783","n":"开平市","a":"开平","y":"KaiPing","b":"KP","z":"529300"},{"i":"440784","n":"鹤山市","a":"鹤山","y":"HeShan","b":"HS","z":"529700"},{"i":"440785","n":"恩平市","a":"恩平","y":"EnPing","b":"EP","z":"529400"}]},{"i":"440800","n":"湛江市","a":"湛江","y":"ZhanJiang","b":"ZJ","z":"524000","c":[{"i":"440802","n":"赤坎区","a":"赤坎区","y":"ChiKanQu","b":"CKQ","z":"524033"},{"i":"440803","n":"霞山区","a":"霞山区","y":"XiaShanQu","b":"XSQ","z":"524002"},{"i":"440804","n":"坡头区","a":"坡头区","y":"PoTouQu","b":"PTQ","z":"524057"},{"i":"440811","n":"麻章区","a":"麻章区","y":"MaZhangQu","b":"MZQ","z":"524003"},{"i":"440823","n":"遂溪县","a":"遂溪","y":"SuiXi","b":"SX","z":"524300"},{"i":"440825","n":"徐闻县","a":"徐闻","y":"XuWen","b":"XW","z":"524100"},{"i":"440881","n":"廉江市","a":"廉江","y":"LianJiang","b":"LJ","z":"524400"},{"i":"440882","n":"雷州市","a":"雷州","y":"LeiZhou","b":"LZ","z":"524200"},{"i":"440883","n":"吴川市","a":"吴川","y":"WuChuan","b":"WC","z":"524500"}]},{"i":"440900","n":"茂名市","a":"茂名","y":"MaoMing","b":"MM","z":"525000","c":[{"i":"440902","n":"茂南区","a":"茂南区","y":"MaoNanQu","b":"MNQ","z":"525011"},{"i":"440903","n":"茂港区","a":"茂港区","y":"MaoGangQu","b":"MGQ","z":"525027"},{"i":"440923","n":"电白县","a":"电白","y":"DianBai","b":"DB","z":"525400"},{"i":"440981","n":"高州市","a":"高州","y":"GaoZhou","b":"GZ","z":"525200"},{"i":"440982","n":"化州市","a":"化州","y":"HuaZhou","b":"HZ","z":"525100"},{"i":"440983","n":"信宜市","a":"信宜","y":"XinYi","b":"XY","z":"525300"}]},{"i":"441200","n":"肇庆市","a":"肇庆","y":"ZhaoQing","b":"ZQ","z":"526000","c":[{"i":"441202","n":"端州区","a":"端州区","y":"DuanZhouQu","b":"DZQ","z":"526040"},{"i":"441203","n":"鼎湖区","a":"鼎湖区","y":"DingHuQu","b":"DHQ","z":"526070"},{"i":"441223","n":"广宁县","a":"广宁","y":"GuangNing","b":"GN","z":"526300"},{"i":"441224","n":"怀集县","a":"怀集","y":"HuaiJi","b":"HJ","z":"526400"},{"i":"441225","n":"封开县","a":"封开","y":"FengKai","b":"FK","z":"526500"},{"i":"441226","n":"德庆县","a":"德庆","y":"DeQing","b":"DQ","z":"526600"},{"i":"441283","n":"高要市","a":"高要","y":"GaoYao","b":"GY","z":"526100"},{"i":"441284","n":"四会市","a":"四会","y":"SiHui","b":"SH","z":"526200"}]},{"i":"441300","n":"惠州市","a":"惠州","y":"HuiZhou","b":"HZ","z":"516000","c":[{"i":"441302","n":"惠城区","a":"惠城区","y":"HuiChengQu","b":"HCQ","z":"516001"},{"i":"441303","n":"惠阳区","a":"惠阳区","y":"HuiYangQu","b":"HYQ","z":"516200"},{"i":"441322","n":"博罗县","a":"博罗","y":"BoLuo","b":"BL","z":"516100"},{"i":"441323","n":"惠东县","a":"惠东","y":"HuiDong","b":"HD","z":"516300"},{"i":"441324","n":"龙门县","a":"龙门","y":"LongMen","b":"LM","z":"516800"}]},{"i":"441400","n":"梅州市","a":"梅州","y":"MeiZhou","b":"MZ","z":"514000","c":[{"i":"441402","n":"梅江区","a":"梅江区","y":"MeiJiangQu","b":"MJQ","z":"514000"},{"i":"441421","n":"梅县","a":"梅县","y":"MeiXian","b":"MX","z":"514700"},{"i":"441422","n":"大埔县","a":"大埔","y":"DaBu","b":"DB","z":"514200"},{"i":"441423","n":"丰顺县","a":"丰顺","y":"FengShun","b":"FS","z":"514300"},{"i":"441424","n":"五华县","a":"五华","y":"WuHua","b":"WH","z":"514400"},{"i":"441426","n":"平远县","a":"平远","y":"PingYuan","b":"PY","z":"514600"},{"i":"441427","n":"蕉岭县","a":"蕉岭","y":"JiaoLing","b":"JL","z":"514100"},{"i":"441481","n":"兴宁市","a":"兴宁","y":"XingNing","b":"XN","z":"514500"}]},{"i":"441500","n":"汕尾市","a":"汕尾","y":"ShanWei","b":"SW","z":"516600","c":[{"i":"441502","n":"城区","a":"城区","y":"ChengQu","b":"CQ","z":"516601"},{"i":"441521","n":"海丰县","a":"海丰","y":"HaiFeng","b":"HF","z":"516400"},{"i":"441523","n":"陆河县","a":"陆河","y":"LuHe","b":"LH","z":"516700"},{"i":"441581","n":"陆丰市","a":"陆丰","y":"LuFeng","b":"LF","z":"516500"}]},{"i":"441600","n":"河源市","a":"河源","y":"HeYuan","b":"HY","z":"517000","c":[{"i":"441621","n":"紫金县","a":"紫金","y":"ZiJin","b":"ZJ","z":"517400"},{"i":"441622","n":"龙川县","a":"龙川","y":"LongChuan","b":"LC","z":"517300"},{"i":"441623","n":"连平县","a":"连平","y":"LianPing","b":"LP","z":"517100"},{"i":"441624","n":"和平县","a":"和平","y":"HePing","b":"HP","z":"517200"},{"i":"441625","n":"东源县","a":"东源","y":"DongYuan","b":"DY","z":"517500"}]},{"i":"441602","n":"源城区","a":"源城区","y":"YuanChengQu","b":"YCQ","z":"517000"},{"i":"441700","n":"阳江市","a":"阳江","y":"YangJiang","b":"YJ","z":"529500","c":[{"i":"441702","n":"江城区","a":"江城区","y":"JiangChengQu","b":"JCQ","z":"529525"},{"i":"441721","n":"阳西县","a":"阳西","y":"YangXi","b":"YX","z":"529800"},{"i":"441723","n":"阳东县","a":"阳东","y":"YangDong","b":"YD","z":"529931"},{"i":"441781","n":"阳春市","a":"阳春","y":"YangChun","b":"YC","z":"529600"}]},{"i":"441800","n":"清远市","a":"清远","y":"QingYuan","b":"QY","z":"511500","c":[{"i":"441802","n":"清城区","a":"清城区","y":"QingChengQu","b":"QCQ","z":"511500"},{"i":"441803","n":"清新区","a":"清新区","y":"QingXinQu","b":"QXQ","z":"511800"},{"i":"441821","n":"佛冈县","a":"佛冈","y":"FuGang","b":"FG","z":"511600"},{"i":"441823","n":"阳山县","a":"阳山","y":"YangShan","b":"YS","z":"513100"},{"i":"441825","n":"连山壮族瑶族自治县","a":"连山壮族瑶族","y":"LianShanZhuangZuYaoZu","b":"LSZZYZ","z":"513200"},{"i":"441826","n":"连南瑶族自治县","a":"连南瑶族","y":"LianNanYaoZu","b":"LNYZ","z":"513300"},{"i":"441881","n":"英德市","a":"英德","y":"YingDe","b":"YD","z":"513000"},{"i":"441882","n":"连州市","a":"连州","y":"LianZhou","b":"LZ","z":"513400"}]},{"i":"441900","n":"东莞市","a":"东莞","y":"DongGuan","b":"DG","z":"523000"},{"i":"442000","n":"中山市","a":"中山","y":"ZhongShan","b":"ZS","z":"528400"},{"i":"445100","n":"潮州市","a":"潮州","y":"ChaoZhou","b":"CZ","z":"521000","c":[{"i":"445102","n":"湘桥区","a":"湘桥区","y":"XiangQiaoQu","b":"XQQ","z":"521000"},{"i":"445103","n":"潮安区","a":"潮安区","y":"ChaoAnQu","b":"CAQ","z":"515638"},{"i":"445122","n":"饶平县","a":"饶平","y":"RaoPing","b":"RP","z":"515700"}]},{"i":"445200","n":"揭阳市","a":"揭阳","y":"JieYang","b":"JY","z":"522000","c":[{"i":"445202","n":"榕城区","a":"榕城区","y":"RongChengQu","b":"RCQ","z":"522095"},{"i":"445203","n":"揭东区","a":"揭东区","y":"JieDongQu","b":"JDQ","z":"515500"},{"i":"445222","n":"揭西县","a":"揭西","y":"JieXi","b":"JX","z":"515400"},{"i":"445224","n":"惠来县","a":"惠来","y":"HuiLai","b":"HL","z":"515200"},{"i":"445281","n":"普宁市","a":"普宁","y":"PuNing","b":"PN","z":"515300"}]},{"i":"445300","n":"云浮市","a":"云浮","y":"YunFu","b":"YF","z":"527300","c":[{"i":"445302","n":"云城区","a":"云城区","y":"YunChengQu","b":"YCQ","z":"527300"},{"i":"445321","n":"新兴县","a":"新兴","y":"XinXing","b":"XX","z":"527400"},{"i":"445322","n":"郁南县","a":"郁南","y":"YuNan","b":"YN","z":"527100"},{"i":"445323","n":"云安县","a":"云安","y":"YunAn","b":"YA","z":"527500"},{"i":"445381","n":"罗定市","a":"罗定","y":"LuoDing","b":"LD","z":"527200"}]}]