[{"i":"450100","n":"南宁市","a":"南宁","y":"NanNing","b":"NN","z":"530000","c":[{"i":"450102","n":"兴宁区","a":"兴宁区","y":"XingNingQu","b":"XNQ","z":"530012"},{"i":"450103","n":"青秀区","a":"青秀区","y":"QingXiuQu","b":"QXQ","z":"530022"},{"i":"450105","n":"江南区","a":"江南区","y":"JiangNanQu","b":"JNQ","z":"530031"},{"i":"450107","n":"西乡塘区","a":"西乡塘区","y":"XiXiangTangQu","b":"XXTQ","z":"530001"},{"i":"450108","n":"良庆区","a":"良庆区","y":"LiangQingQu","b":"LQQ","z":"530200"},{"i":"450109","n":"邕宁区","a":"邕宁区","y":"YongNingQu","b":"YNQ","z":"530200"},{"i":"450122","n":"武鸣县","a":"武鸣","y":"WuMing","b":"WM","z":"530100"},{"i":"450123","n":"隆安县","a":"隆安","y":"LongAn","b":"LA","z":"532700"},{"i":"450124","n":"马山县","a":"马山","y":"MaShan","b":"MS","z":"530600"},{"i":"450125","n":"上林县","a":"上林","y":"ShangLin","b":"SL","z":"530500"},{"i":"450126","n":"宾阳县","a":"宾阳","y":"BinYang","b":"BY","z":"530400"},{"i":"450127","n":"横县","a":"横县","y":"HengXian","b":"HX","z":"530300"}]},{"i":"450200","n":"柳州市","a":"柳州","y":"LiuZhou","b":"LZ","z":"545000","c":[{"i":"450202","n":"城中区","a":"城中区","y":"ChengZhongQu","b":"CZQ","z":"545001"},{"i":"450203","n":"鱼峰区","a":"鱼峰区","y":"YuFengQu","b":"YFQ","z":"545005"},{"i":"450204","n":"柳南区","a":"柳南区","y":"LiuNanQu","b":"LNQ","z":"545005"},{"i":"450205","n":"柳北区","a":"柳北区","y":"LiuBeiQu","b":"LBQ","z":"545001"},{"i":"450221","n":"柳江县","a":"柳江","y":"LiuJiang","b":"LJ","z":"545100"},{"i":"450222","n":"柳城县","a":"柳城","y":"LiuCheng","b":"LC","z":"545200"},{"i":"450223","n":"鹿寨县","a":"鹿寨","y":"LuZhai","b":"LZ","z":"545600"},{"i":"450224","n":"融安县","a":"融安","y":"RongAn","b":"RA","z":"545400"},{"i":"450225","n":"融水苗族自治县","a":"融水苗族","y":"RongShuiMiaoZu","b":"RSMZ","z":"545300"},{"i":"450226","n":"三江侗族自治县","a":"三江侗族","y":"SanJiangDongZu","b":"SJDZ","z":"545500"}]},{"i":"450300","n":"桂林市","a":"桂林","y":"GuiLin","b":"GL","z":"541000","c":[{"i":"450302","n":"秀峰区","a":"秀峰区","y":"XiuFengQu","b":"XFQ","z":"541001"},{"i":"450303","n":"叠彩区","a":"叠彩区","y":"DieCaiQu","b":"DCQ","z":"541001"},{"i":"450304","n":"象山区","a":"象山区","y":"XiangShanQu","b":"XSQ","z":"541002"},{"i":"450305","n":"七星区","a":"七星区","y":"QiXingQu","b":"QXQ","z":"541004"},{"i":"450311","n":"雁山区","a":"雁山区","y":"YanShanQu","b":"YSQ","z":"541006"},{"i":"450312","n":"临桂区","a":"临桂区","y":"LinGuiQu","b":"LGQ","z":"541199"},{"i":"450321","n":"阳朔县","a":"阳朔","y":"YangShuo","b":"YS","z":"541900"},{"i":"450323","n":"灵川县","a":"灵川","y":"LingChuan","b":"LC","z":"541200"},{"i":"450324","n":"全州县","a":"全州","y":"QuanZhou","b":"QZ","z":"541500"},{"i":"450325","n":"兴安县","a":"兴安","y":"XingAn","b":"XA","z":"541300"},{"i":"450326","n":"永福县","a":"永福","y":"YongFu","b":"YF","z":"541800"},{"i":"450327","n":"灌阳县","a":"灌阳","y":"GuanYang","b":"GY","z":"541600"},{"i":"450328","n":"龙胜各族自治县","a":"龙胜各族","y":"LongShengGeZu","b":"LSGZ","z":"541700"},{"i":"450329","n":"资源县","a":"资源","y":"ZiYuan","b":"ZY","z":"541400"},{"i":"450330","n":"平乐县","a":"平乐","y":"PingLe","b":"PL","z":"542400"},{"i":"450331","n":"荔浦县","a":"荔浦","y":"LiPu","b":"LP","z":"546600"},{"i":"450332","n":"恭城瑶族自治县","a":"恭城瑶族","y":"GongChengYaoZu","b":"GCYZ","z":"542500"}]},{"i":"450400","n":"梧州市","a":"梧州","y":"WuZhou","b":"WZ","z":"543000","c":[{"i":"450403","n":"万秀区","a":"万秀区","y":"WanXiuQu","b":"WXQ","z":"543000"},{"i":"450405","n":"长洲区","a":"长洲区","y":"ZhangZhouQu","b":"ZZQ","z":"543002"},{"i":"450406","n":"龙圩区","a":"龙圩区","y":"LongXuQu","b":"LXQ","z":"543004"},{"i":"450421","n":"苍梧县","a":"苍梧","y":"CangWu","b":"CW","z":"543100"},{"i":"450422","n":"藤县","a":"藤县","y":"TengXian","b":"TX","z":"543300"},{"i":"450423","n":"蒙山县","a":"蒙山","y":"MengShan","b":"MS","z":"546700"},{"i":"450481","n":"岑溪市","a":"岑溪","y":"CenXi","b":"CX","z":"543200"}]},{"i":"450500","n":"北海市","a":"北海","y":"BeiHai","b":"BH","z":"536000","c":[{"i":"450502","n":"海城区","a":"海城区","y":"HaiChengQu","b":"HCQ","z":"536000"},{"i":"450503","n":"银海区","a":"银海区","y":"YinHaiQu","b":"YHQ","z":"536000"},{"i":"450512","n":"铁山港区","a":"铁山港区","y":"TieShanGangQu","b":"TSGQ","z":"536017"},{"i":"450521","n":"合浦县","a":"合浦","y":"HePu","b":"HP","z":"536100"}]},{"i":"450600","n":"防城港市","a":"防城港","y":"FangChengGang","b":"FCG","z":"538000","c":[{"i":"450602","n":"港口区","a":"港口区","y":"GangKouQu","b":"GKQ","z":"538001"},{"i":"450603","n":"防城区","a":"防城区","y":"FangChengQu","b":"FCQ","z":"538021"},{"i":"450621","n":"上思县","a":"上思","y":"ShangSi","b":"SS","z":"535500"},{"i":"450681","n":"东兴市","a":"东兴","y":"DongXing","b":"DX","z":"538100"}]},{"i":"450700","n":"钦州市","a":"钦州","y":"QinZhou","b":"QZ","z":"535000","c":[{"i":"450702","n":"钦南区","a":"钦南区","y":"QinNanQu","b":"QNQ","z":"535000"},{"i":"450703","n":"钦北区","a":"钦北区","y":"QinBeiQu","b":"QBQ","z":"535000"},{"i":"450721","n":"灵山县","a":"灵山","y":"LingShan","b":"LS","z":"535400"},{"i":"450722","n":"浦北县","a":"浦北","y":"PuBei","b":"PB","z":"535300"}]},{"i":"450800","n":"贵港市","a":"贵港","y":"GuiGang","b":"GG","z":"537100","c":[{"i":"450802","n":"港北区","a":"港北区","y":"GangBeiQu","b":"GBQ","z":"537100"},{"i":"450803","n":"港南区","a":"港南区","y":"GangNanQu","b":"GNQ","z":"537132"},{"i":"450804","n":"覃塘区","a":"覃塘区","y":"TanTangQu","b":"TTQ","z":"537121"},{"i":"450821","n":"平南县","a":"平南","y":"PingNan","b":"PN","z":"537300"},{"i":"450881","n":"桂平市","a":"桂平","y":"GuiPing","b":"GP","z":"537200"}]},{"i":"450900","n":"玉林市","a":"玉林","y":"YuLin","b":"YL","z":"537000","c":[{"i":"450902","n":"玉州区","a":"玉州区","y":"YuZhouQu","b":"YZQ","z":"537000"},{"i":"450903","n":"福绵区","a":"福绵区","y":"FuMianQu","b":"FMQ","z":"537000"},{"i":"450921","n":"容县","a":"容县","y":"RongXian","b":"RX","z":"537500"},{"i":"450922","n":"陆川县","a":"陆川","y":"LuChuan","b":"LC","z":"537700"},{"i":"450923","n":"博白县","a":"博白","y":"BoBai","b":"BB","z":"537600"},{"i":"450924","n":"兴业县","a":"兴业","y":"XingYe","b":"XY","z":"537800"},{"i":"450981","n":"北流市","a":"北流","y":"BeiLiu","b":"BL","z":"537400"}]},{"i":"451000","n":"百色市","a":"百色","y":"BaiSe","b":"BS","z":"533000","c":[{"i":"451002","n":"右江区","a":"右江区","y":"YouJiangQu","b":"YJQ","z":"533000"},{"i":"451021","n":"田阳县","a":"田阳","y":"TianYang","b":"TY","z":"533600"},{"i":"451022","n":"田东县","a":"田东","y":"TianDong","b":"TD","z":"531500"},{"i":"451023","n":"平果县","a":"平果","y":"PingGuo","b":"PG","z":"531400"},{"i":"451024","n":"德保县","a":"德保","y":"DeBao","b":"DB","z":"533700"},{"i":"451025","n":"靖西县","a":"靖西","y":"JingXi","b":"JX","z":"533800"},{"i":"451026","n":"那坡县","a":"那坡","y":"NaPo","b":"NP","z":"533900"},{"i":"451027","n":"凌云县","a":"凌云","y":"LingYun","b":"LY","z":"533100"},{"i":"451028","n":"乐业县","a":"乐业","y":"LeYe","b":"LY","z":"533200"},{"i":"451029","n":"田林县","a":"田林","y":"TianLin","b":"TL","z":"533300"},{"i":"451030","n":"西林县","a":"西林","y":"XiLin","b":"XL","z":"533500"},{"i":"451031","n":"隆林各族自治县","a":"隆林各族","y":"LongLinGeZu","b":"LLGZ","z":"533400"}]},{"i":"451100","n":"贺州市","a":"贺州","y":"HeZhou","b":"HZ","z":"542800","c":[{"i":"451102","n":"八步区","a":"八步区","y":"BaBuQu","b":"BBQ","z":"542800"},{"i":"451121","n":"昭平县","a":"昭平","y":"ZhaoPing","b":"ZP","z":"546800"},{"i":"451122","n":"钟山县","a":"钟山","y":"ZhongShan","b":"ZS","z":"542600"},{"i":"451123","n":"富川瑶族自治县","a":"富川瑶族","y":"FuChuanYaoZu","b":"FCYZ","z":"542700"}]},{"i":"451200","n":"河池市","a":"河池","y":"HeChi","b":"HC","z":"547000","c":[{"i":"451202","n":"金城江区","a":"金城江区","y":"JinChengJiangQu","b":"JCJQ","z":"547000"},{"i":"451221","n":"南丹县","a":"南丹","y":"NanDan","b":"ND","z":"547200"},{"i":"451222","n":"天峨县","a":"天峨","y":"TianE","b":"TE","z":"547300"},{"i":"451223","n":"凤山县","a":"凤山","y":"FengShan","b":"FS","z":"547600"},{"i":"451224","n":"东兰县","a":"东兰","y":"DongLan","b":"DL","z":"547400"},{"i":"451225","n":"罗城仫佬族自治县","a":"罗城仫佬族","y":"LuoChengMuLaoZu","b":"LCMLZ","z":"546400"},{"i":"451226","n":"环江毛南族自治县","a":"环江毛南族","y":"HuanJiangMaoNanZu","b":"HJMNZ","z":"547100"},{"i":"451227","n":"巴马瑶族自治县","a":"巴马瑶族","y":"BaMaYaoZu","b":"BMYZ","z":"547500"},{"i":"451228","n":"都安瑶族自治县","a":"都安瑶族","y":"DouAnYaoZu","b":"DAYZ","z":"530700"},{"i":"451229","n":"大化瑶族自治县","a":"大化瑶族","y":"DaHuaYaoZu","b":"DHYZ","z":"530800"},{"i":"451281","n":"宜州市","a":"宜州","y":"YiZhou","b":"YZ","z":"546300"}]},{"i":"451300","n":"来宾市","a":"来宾","y":"LaiBin","b":"LB","z":"546100","c":[{"i":"451302","n":"兴宾区","a":"兴宾区","y":"XingBinQu","b":"XBQ","z":"546100"},{"i":"451321","n":"忻城县","a":"忻城","y":"XinCheng","b":"XC","z":"546200"},{"i":"451322","n":"象州县","a":"象州","y":"XiangZhou","b":"XZ","z":"545800"},{"i":"451323","n":"武宣县","a":"武宣","y":"WuXuan","b":"WX","z":"545900"},{"i":"451324","n":"金秀瑶族自治县","a":"金秀瑶族","y":"JinXiuYaoZu","b":"JXYZ","z":"545700"},{"i":"451381","n":"合山市","a":"合山","y":"HeShan","b":"HS","z":"546500"}]},{"i":"451400","n":"崇左市","a":"崇左","y":"ChongZuo","b":"CZ","z":"532200","c":[{"i":"451402","n":"江州区","a":"江州区","y":"JiangZhouQu","b":"JZQ","z":"532200"},{"i":"451421","n":"扶绥县","a":"扶绥","y":"FuSui","b":"FS","z":"532100"},{"i":"451422","n":"宁明县","a":"宁明","y":"NingMing","b":"NM","z":"532500"},{"i":"451423","n":"龙州县","a":"龙州","y":"LongZhou","b":"LZ","z":"532400"},{"i":"451424","n":"大新县","a":"大新","y":"DaXin","b":"DX","z":"532300"},{"i":"451425","n":"天等县","a":"天等","y":"TianDeng","b":"TD","z":"532800"},{"i":"451481","n":"凭祥市","a":"凭祥","y":"PingXiang","b":"PX","z":"532600"}]}]