[{"i":"460100","n":"海口市","a":"海口","y":"HaiKou","b":"HK","z":"570000","c":[{"i":"460105","n":"秀英区","a":"秀英区","y":"XiuYingQu","b":"XYQ","z":"570311"},{"i":"460106","n":"龙华区","a":"龙华区","y":"LongHuaQu","b":"LHQ","z":"570105"},{"i":"460107","n":"琼山区","a":"琼山区","y":"QiongShanQu","b":"QSQ","z":"571100"},{"i":"460108","n":"美兰区","a":"美兰区","y":"MeiLanQu","b":"MLQ","z":"570203"}]},{"i":"460200","n":"三亚市","a":"三亚","y":"SanYa","b":"SY","z":"572000"},{"i":"460300","n":"三沙市","a":"三沙","y":"SanSha","b":"SS","z":"","c":[{"i":"460321","n":"西沙群岛","a":"西沙群岛","y":"XiShaQunDao","b":"XSQD","z":""},{"i":"460322","n":"南沙群岛","a":"南沙群岛","y":"NanShaQunDao","b":"NSQD","z":""},{"i":"460323","n":"中沙群岛的岛礁及其海域","a":"中沙群岛的岛礁及其海域","y":"ZhongShaQunDaoDeDaoJiaoJiQiHaiYu","b":"ZSQDDDJJQHY","z":""}]},{"i":"469001","n":"五指山市","a":"五指山","y":"WuZhiShan","b":"WZS","z":"572200"},{"i":"469002","n":"琼海市","a":"琼海","y":"QiongHai","b":"QH","z":"571400"},{"i":"469003","n":"儋州市","a":"儋州","y":"DanZhou","b":"DZ","z":"571700"},{"i":"469005","n":"文昌市","a":"文昌","y":"WenChang","b":"WC","z":"571300"},{"i":"469006","n":"万宁市","a":"万宁","y":"WanNing","b":"WN","z":"571500"},{"i":"469007","n":"东方市","a":"东方","y":"DongFang","b":"DF","z":"572600"},{"i":"469021","n":"定安县","a":"定安","y":"DingAn","b":"DA","z":""},{"i":"469022","n":"屯昌县","a":"屯昌","y":"TunChang","b":"TC","z":""},{"i":"469023","n":"澄迈县","a":"澄迈","y":"ChengMai","b":"CM","z":""},{"i":"469024","n":"临高县","a":"临高","y":"LinGao","b":"LG","z":""},{"i":"469025","n":"白沙黎族自治县","a":"白沙黎族","y":"BaiShaLiZu","b":"BSLZ","z":"571200"},{"i":"469026","n":"昌江黎族自治县","a":"昌江黎族","y":"ChangJiangLiZu","b":"CJLZ","z":"571600"},{"i":"469027","n":"乐东黎族自治县","a":"乐东黎族","y":"LeDongLiZu","b":"LDLZ","z":"571900"},{"i":"469028","n":"陵水黎族自治县","a":"陵水黎族","y":"LingShuiLiZu","b":"LSLZ","z":"571800"},{"i":"469029","n":"保亭黎族苗族自治县","a":"保亭黎族苗族","y":"BaoTingLiZuMiaoZu","b":"BTLZMZ","z":""},{"i":"469030","n":"琼中黎族苗族自治县","a":"琼中黎族苗族","y":"QiongZhongLiZuMiaoZu","b":"QZLZMZ","z":"572800"}]