[{"i":"500101","n":"万州区","a":"万州区","y":"WanZhouQu","b":"WZQ","z":"404000"},{"i":"500102","n":"涪陵区","a":"涪陵区","y":"FuLingQu","b":"FLQ","z":"408000"},{"i":"500103","n":"渝中区","a":"渝中区","y":"YuZhongQu","b":"YZQ","z":"400012"},{"i":"500104","n":"大渡口区","a":"大渡口区","y":"DaDuKouQu","b":"DDKQ","z":"400084"},{"i":"500105","n":"江北区","a":"江北区","y":"JiangBeiQu","b":"JBQ","z":"400021"},{"i":"500106","n":"沙坪坝区","a":"沙坪坝区","y":"ShaPingBaQu","b":"SPBQ","z":"400020"},{"i":"500107","n":"九龙坡区","a":"九龙坡区","y":"JiuLongPoQu","b":"JLPQ","z":"400039"},{"i":"500108","n":"南岸区","a":"南岸区","y":"NanAnQu","b":"NAQ","z":"400060"},{"i":"500109","n":"北碚区","a":"北碚区","y":"BeiBeiQu","b":"BBQ","z":"400700"},{"i":"500110","n":"綦江区","a":"綦江区","y":"QiJiangQu","b":"QJQ","z":"400800"},{"i":"500111","n":"大足区","a":"大足区","y":"DaZuQu","b":"DZQ","z":"400900"},{"i":"500112","n":"渝北区","a":"渝北区","y":"YuBeiQu","b":"YBQ","z":"401120"},{"i":"500113","n":"巴南区","a":"巴南区","y":"BaNanQu","b":"BNQ","z":"401320"},{"i":"500114","n":"黔江区","a":"黔江区","y":"QianJiangQu","b":"QJQ","z":"409700"},{"i":"500115","n":"长寿区","a":"长寿区","y":"ZhangShouQu","b":"ZSQ","z":"401220"},{"i":"500116","n":"江津区","a":"江津区","y":"JiangJinQu","b":"JJQ","z":""},{"i":"500117","n":"合川区","a":"合川区","y":"HeChuanQu","b":"HCQ","z":""},{"i":"500118","n":"永川区","a":"永川区","y":"YongChuanQu","b":"YCQ","z":""},{"i":"500119","n":"南川区","a":"南川区","y":"NanChuanQu","b":"NCQ","z":""},{"i":"500223","n":"潼南县","a":"潼南","y":"TongNan","b":"TN","z":"402660"},{"i":"500224","n":"铜梁县","a":"铜梁","y":"TongLiang","b":"TL","z":"402560"},{"i":"500226","n":"荣昌县","a":"荣昌","y":"RongChang","b":"RC","z":"402460"},{"i":"500227","n":"璧山县","a":"璧山","y":"BiShan","b":"BS","z":"402760"},{"i":"500228","n":"梁平县","a":"梁平","y":"LiangPing","b":"LP","z":"405200"},{"i":"500229","n":"城口县","a":"城口","y":"ChengKou","b":"CK","z":"405900"},{"i":"500230","n":"丰都县","a":"丰都","y":"FengDou","b":"FD","z":"408200"},{"i":"500231","n":"垫江县","a":"垫江","y":"DianJiang","b":"DJ","z":"408300"},{"i":"500232","n":"武隆县","a":"武隆","y":"WuLong","b":"WL","z":"408500"},{"i":"500233","n":"忠县","a":"忠县","y":"ZhongXian","b":"ZX","z":"404300"},{"i":"500234","n":"开县","a":"开县","y":"KaiXian","b":"KX","z":"405400"},{"i":"500235","n":"云阳县","a":"云阳","y":"YunYang","b":"YY","z":"404500"},{"i":"500236","n":"奉节县","a":"奉节","y":"FengJie","b":"FJ","z":"404600"},{"i":"500237","n":"巫山县","a":"巫山","y":"WuShan","b":"WS","z":"404700"},{"i":"500238","n":"巫溪县","a":"巫溪","y":"WuXi","b":"WX","z":"405800"},{"i":"500240","n":"石柱土家族自治县","a":"石柱土家族","y":"ShiZhuTuJiaZu","b":"SZTJZ","z":"409100"},{"i":"500241","n":"秀山土家族苗族自治县","a":"秀山土家族苗族","y":"XiuShanTuJiaZuMiaoZu","b":"XSTJZMZ","z":"409900"},{"i":"500242","n":"酉阳土家族苗族自治县","a":"酉阳土家族苗族","y":"YouYangTuJiaZuMiaoZu","b":"YYTJZMZ","z":"409800"},{"i":"500243","n":"彭水苗族土家族自治县","a":"彭水苗族土家族","y":"PengShuiMiaoZuTuJiaZu","b":"PSMZTJZ","z":"409600"}]