[{"i":"510100","n":"成都市","a":"成都","y":"ChengDou","b":"CD","z":"610000","c":[{"i":"510104","n":"锦江区","a":"锦江区","y":"JinJiangQu","b":"JJQ","z":"610011"},{"i":"510105","n":"青羊区","a":"青羊区","y":"QingYangQu","b":"QYQ","z":"610031"},{"i":"510106","n":"金牛区","a":"金牛区","y":"JinNiuQu","b":"JNQ","z":"610036"},{"i":"510107","n":"武侯区","a":"武侯区","y":"WuHouQu","b":"WHQ","z":"610041"},{"i":"510108","n":"成华区","a":"成华区","y":"ChengHuaQu","b":"CHQ","z":"610066"},{"i":"510112","n":"龙泉驿区","a":"龙泉驿区","y":"LongQuanYiQu","b":"LQYQ","z":"610100"},{"i":"510113","n":"青白江区","a":"青白江区","y":"QingBaiJiangQu","b":"QBJQ","z":"610300"},{"i":"510114","n":"新都区","a":"新都区","y":"XinDouQu","b":"XDQ","z":"610500"},{"i":"510115","n":"温江区","a":"温江区","y":"WenJiangQu","b":"WJQ","z":"611130"},{"i":"510121","n":"金堂县","a":"金堂","y":"JinTang","b":"JT","z":"610400"},{"i":"510122","n":"双流县","a":"双流","y":"ShuangLiu","b":"SL","z":"610200"},{"i":"510124","n":"郫县","a":"郫县","y":"PiXian","b":"PX","z":"611730"},{"i":"510129","n":"大邑县","a":"大邑","y":"DaYi","b":"DY","z":"611330"},{"i":"510131","n":"蒲江县","a":"蒲江","y":"PuJiang","b":"PJ","z":"611630"},{"i":"510132","n":"新津县","a":"新津","y":"XinJin","b":"XJ","z":"611430"},{"i":"510181","n":"都江堰市","a":"都江堰","y":"DouJiangYan","b":"DJY","z":"611830"},{"i":"510182","n":"彭州市","a":"彭州","y":"PengZhou","b":"PZ","z":"611930"},{"i":"510183","n":"邛崃市","a":"邛崃","y":"QiongLai","b":"QL","z":"611530"},{"i":"510184","n":"崇州市","a":"崇州","y":"ChongZhou","b":"CZ","z":"611230"}]},{"i":"510300","n":"自贡市","a":"自贡","y":"ZiGong","b":"ZG","z":"643000","c":[{"i":"510302","n":"自流井区","a":"自流井区","y":"ZiLiuJingQu","b":"ZLJQ","z":"643000"},{"i":"510303","n":"贡井区","a":"贡井区","y":"GongJingQu","b":"GJQ","z":"643020"},{"i":"510304","n":"大安区","a":"大安区","y":"DaAnQu","b":"DAQ","z":"643010"},{"i":"510311","n":"沿滩区","a":"沿滩区","y":"YanTanQu","b":"YTQ","z":"643030"},{"i":"510321","n":"荣县","a":"荣县","y":"RongXian","b":"RX","z":"643100"},{"i":"510322","n":"富顺县","a":"富顺","y":"FuShun","b":"FS","z":"643200"}]},{"i":"510400","n":"攀枝花市","a":"攀枝花","y":"PanZhiHua","b":"PZH","z":"617000","c":[{"i":"510402","n":"东区","a":"东区","y":"DongQu","b":"DQ","z":"617067"},{"i":"510403","n":"西区","a":"西区","y":"XiQu","b":"XQ","z":"617012"},{"i":"510411","n":"仁和区","a":"仁和区","y":"RenHeQu","b":"RHQ","z":"617061"},{"i":"510421","n":"米易县","a":"米易","y":"MiYi","b":"MY","z":"617200"},{"i":"510422","n":"盐边县","a":"盐边","y":"YanBian","b":"YB","z":"617100"}]},{"i":"510500","n":"泸州市","a":"泸州","y":"LuZhou","b":"LZ","z":"646000","c":[{"i":"510502","n":"江阳区","a":"江阳区","y":"JiangYangQu","b":"JYQ","z":"646000"},{"i":"510503","n":"纳溪区","a":"纳溪区","y":"NaXiQu","b":"NXQ","z":"646300"},{"i":"510504","n":"龙马潭区","a":"龙马潭区","y":"LongMaTanQu","b":"LMTQ","z":"646000"},{"i":"510521","n":"泸县","a":"泸县","y":"LuXian","b":"LX","z":"646100"},{"i":"510522","n":"合江县","a":"合江","y":"HeJiang","b":"HJ","z":"646200"},{"i":"510524","n":"叙永县","a":"叙永","y":"XuYong","b":"XY","z":"646400"},{"i":"510525","n":"古蔺县","a":"古蔺","y":"GuLin","b":"GL","z":"646500"}]},{"i":"510600","n":"德阳市","a":"德阳","y":"DeYang","b":"DY","z":"618000","c":[{"i":"510603","n":"旌阳区","a":"旌阳区","y":"JingYangQu","b":"JYQ","z":"618000"},{"i":"510623","n":"中江县","a":"中江","y":"ZhongJiang","b":"ZJ","z":"618300"},{"i":"510626","n":"罗江县","a":"罗江","y":"LuoJiang","b":"LJ","z":"618500"},{"i":"510681","n":"广汉市","a":"广汉","y":"GuangHan","b":"GH","z":"618300"},{"i":"510682","n":"什邡市","a":"什邡","y":"ShenFang","b":"SF","z":"618400"},{"i":"510683","n":"绵竹市","a":"绵竹","y":"MianZhu","b":"MZ","z":"618200"}]},{"i":"510700","n":"绵阳市","a":"绵阳","y":"MianYang","b":"MY","z":"621000","c":[{"i":"510703","n":"涪城区","a":"涪城区","y":"FuChengQu","b":"FCQ","z":"621000"},{"i":"510704","n":"游仙区","a":"游仙区","y":"YouXianQu","b":"YXQ","z":"621022"},{"i":"510722","n":"三台县","a":"三台","y":"SanTai","b":"ST","z":"621100"},{"i":"510723","n":"盐亭县","a":"盐亭","y":"YanTing","b":"YT","z":"621600"},{"i":"510724","n":"安县","a":"安县","y":"AnXian","b":"AX","z":"622650"},{"i":"510725","n":"梓潼县","a":"梓潼","y":"ZiTong","b":"ZT","z":"622150"},{"i":"510726","n":"北川羌族自治县","a":"北川羌族","y":"BeiChuanQiangZu","b":"BCQZ","z":"622750"},{"i":"510727","n":"平武县","a":"平武","y":"PingWu","b":"PW","z":"621550"},{"i":"510781","n":"江油市","a":"江油","y":"JiangYou","b":"JY","z":"621700"}]},{"i":"510800","n":"广元市","a":"广元","y":"GuangYuan","b":"GY","z":"628000","c":[{"i":"510802","n":"利州区","a":"利州区","y":"LiZhouQu","b":"LZQ","z":"628017"},{"i":"510811","n":"元坝区","a":"元坝区","y":"YuanBaQu","b":"YBQ","z":"628021"},{"i":"510812","n":"朝天区","a":"朝天区","y":"ChaoTianQu","b":"CTQ","z":"628012"},{"i":"510821","n":"旺苍县","a":"旺苍","y":"WangCang","b":"WC","z":"628200"},{"i":"510822","n":"青川县","a":"青川","y":"QingChuan","b":"QC","z":"628100"},{"i":"510823","n":"剑阁县","a":"剑阁","y":"JianGe","b":"JG","z":"628300"},{"i":"510824","n":"苍溪县","a":"苍溪","y":"CangXi","b":"CX","z":"628400"}]},{"i":"510900","n":"遂宁市","a":"遂宁","y":"SuiNing","b":"SN","z":"629000","c":[{"i":"510903","n":"船山区","a":"船山区","y":"ChuanShanQu","b":"CSQ","z":"629000"},{"i":"510904","n":"安居区","a":"安居区","y":"AnJuQu","b":"AJQ","z":"629000"},{"i":"510921","n":"蓬溪县","a":"蓬溪","y":"PengXi","b":"PX","z":"629100"},{"i":"510922","n":"射洪县","a":"射洪","y":"SheHong","b":"SH","z":"629200"},{"i":"510923","n":"大英县","a":"大英","y":"DaYing","b":"DY","z":"629300"}]},{"i":"511000","n":"内江市","a":"内江","y":"NeiJiang","b":"NJ","z":"641000","c":[{"i":"511002","n":"市中区","a":"市中区","y":"ShiZhongQu","b":"SZQ","z":"641000"},{"i":"511011","n":"东兴区","a":"东兴区","y":"DongXingQu","b":"DXQ","z":"641100"},{"i":"511024","n":"威远县","a":"威远","y":"WeiYuan","b":"WY","z":"642450"},{"i":"511025","n":"资中县","a":"资中","y":"ZiZhong","b":"ZZ","z":"641200"},{"i":"511028","n":"隆昌县","a":"隆昌","y":"LongChang","b":"LC","z":"642150"}]},{"i":"511100","n":"乐山市","a":"乐山","y":"LeShan","b":"LS","z":"614000","c":[{"i":"511102","n":"市中区","a":"市中区","y":"ShiZhongQu","b":"SZQ","z":"614000"},{"i":"511111","n":"沙湾区","a":"沙湾区","y":"ShaWanQu","b":"SWQ","z":"614900"},{"i":"511112","n":"五通桥区","a":"五通桥区","y":"WuTongQiaoQu","b":"WTQQ","z":"614800"},{"i":"511113","n":"金口河区","a":"金口河区","y":"JinKouHeQu","b":"JKHQ","z":"614700"},{"i":"511123","n":"犍为县","a":"犍为","y":"JianWei","b":"JW","z":"614400"},{"i":"511124","n":"井研县","a":"井研","y":"JingYan","b":"JY","z":"613100"},{"i":"511126","n":"夹江县","a":"夹江","y":"JiaJiang","b":"JJ","z":"614100"},{"i":"511129","n":"沐川县","a":"沐川","y":"MuChuan","b":"MC","z":"614500"},{"i":"511132","n":"峨边彝族自治县","a":"峨边彝族","y":"EBianYiZu","b":"EBYZ","z":"614300"},{"i":"511133","n":"马边彝族自治县","a":"马边彝族","y":"MaBianYiZu","b":"MBYZ","z":"614600"},{"i":"511181","n":"峨眉山市","a":"峨眉山","y":"EMeiShan","b":"EMS","z":"614200"}]},{"i":"511300","n":"南充市","a":"南充","y":"NanChong","b":"NC","z":"637000","c":[{"i":"511302","n":"顺庆区","a":"顺庆区","y":"ShunQingQu","b":"SQQ","z":"637500"},{"i":"511303","n":"高坪区","a":"高坪区","y":"GaoPingQu","b":"GPQ","z":"637100"},{"i":"511304","n":"嘉陵区","a":"嘉陵区","y":"JiaLingQu","b":"JLQ","z":"637900"},{"i":"511321","n":"南部县","a":"南部","y":"NanBu","b":"NB","z":"637300"},{"i":"511322","n":"营山县","a":"营山","y":"YingShan","b":"YS","z":"638150"},{"i":"511323","n":"蓬安县","a":"蓬安","y":"PengAn","b":"PA","z":"638250"},{"i":"511324","n":"仪陇县","a":"仪陇","y":"YiLong","b":"YL","z":"637600"},{"i":"511325","n":"西充县","a":"西充","y":"XiChong","b":"XC","z":"637200"},{"i":"511381","n":"阆中市","a":"阆中","y":"LangZhong","b":"LZ","z":"637400"}]},{"i":"511400","n":"眉山市","a":"眉山","y":"MeiShan","b":"MS","z":"620000","c":[{"i":"511402","n":"东坡区","a":"东坡区","y":"DongPoQu","b":"DPQ","z":"620010"},{"i":"511421","n":"仁寿县","a":"仁寿","y":"RenShou","b":"RS","z":"620500"},{"i":"511422","n":"彭山县","a":"彭山","y":"PengShan","b":"PS","z":"620860"},{"i":"511423","n":"洪雅县","a":"洪雅","y":"HongYa","b":"HY","z":"620360"},{"i":"511424","n":"丹棱县","a":"丹棱","y":"DanLeng","b":"DL","z":"620200"},{"i":"511425","n":"青神县","a":"青神","y":"QingShen","b":"QS","z":"620460"}]},{"i":"511500","n":"宜宾市","a":"宜宾","y":"YiBin","b":"YB","z":"644000","c":[{"i":"511502","n":"翠屏区","a":"翠屏区","y":"CuiPingQu","b":"CPQ","z":"644000"},{"i":"511503","n":"南溪区","a":"南溪区","y":"NanXiQu","b":"NXQ","z":""},{"i":"511521","n":"宜宾县","a":"宜宾","y":"YiBin","b":"YB","z":"644600"},{"i":"511523","n":"江安县","a":"江安","y":"JiangAn","b":"JA","z":"644200"},{"i":"511524","n":"长宁县","a":"长宁","y":"ZhangNing","b":"ZN","z":"644300"},{"i":"511525","n":"高县","a":"高县","y":"GaoXian","b":"GX","z":"645150"},{"i":"511526","n":"珙县","a":"珙县","y":"GongXian","b":"GX","z":"644500"},{"i":"511527","n":"筠连县","a":"筠连","y":"YunLian","b":"YL","z":"645250"},{"i":"511528","n":"兴文县","a":"兴文","y":"XingWen","b":"XW","z":"644400"},{"i":"511529","n":"屏山县","a":"屏山","y":"PingShan","b":"PS","z":"645350"}]},{"i":"511600","n":"广安市","a":"广安","y":"GuangAn","b":"GA","z":"638000","c":[{"i":"511602","n":"广安区","a":"广安区","y":"GuangAnQu","b":"GAQ","z":"638550"},{"i":"511603","n":"前锋区","a":"前锋区","y":"QianFengQu","b":"QFQ","z":"638019"},{"i":"511621","n":"岳池县","a":"岳池","y":"YueChi","b":"YC","z":"638300"},{"i":"511622","n":"武胜县","a":"武胜","y":"WuSheng","b":"WS","z":"638420"},{"i":"511623","n":"邻水县","a":"邻水","y":"LinShui","b":"LS","z":"638520"},{"i":"511681","n":"华蓥市","a":"华蓥","y":"HuaYing","b":"HY","z":"638650"}]},{"i":"511700","n":"达州市","a":"达州","y":"DaZhou","b":"DZ","z":"635000","c":[{"i":"511702","n":"通川区","a":"通川区","y":"TongChuanQu","b":"TCQ","z":"635000"},{"i":"511703","n":"达川区","a":"达川区","y":"DaChuanQu","b":"DCQ","z":"635000"},{"i":"511722","n":"宣汉县","a":"宣汉","y":"XuanHan","b":"XH","z":"636150"},{"i":"511723","n":"开江县","a":"开江","y":"KaiJiang","b":"KJ","z":"636250"},{"i":"511724","n":"大竹县","a":"大竹","y":"DaZhu","b":"DZ","z":"635100"},{"i":"511725","n":"渠县","a":"渠县","y":"QuXian","b":"QX","z":"635200"},{"i":"511781","n":"万源市","a":"万源","y":"WanYuan","b":"WY","z":"636350"}]},{"i":"511800","n":"雅安市","a":"雅安","y":"YaAn","b":"YA","z":"625000","c":[{"i":"511802","n":"雨城区","a":"雨城区","y":"YuChengQu","b":"YCQ","z":"625000"},{"i":"511803","n":"名山区","a":"名山区","y":"MingShanQu","b":"MSQ","z":""},{"i":"511822","n":"荥经县","a":"荥经","y":"XingJing","b":"XJ","z":"625200"},{"i":"511823","n":"汉源县","a":"汉源","y":"HanYuan","b":"HY","z":"625300"},{"i":"511824","n":"石棉县","a":"石棉","y":"ShiMian","b":"SM","z":"625400"},{"i":"511825","n":"天全县","a":"天全","y":"TianQuan","b":"TQ","z":"625500"},{"i":"511826","n":"芦山县","a":"芦山","y":"LuShan","b":"LS","z":"625600"},{"i":"511827","n":"宝兴县","a":"宝兴","y":"BaoXing","b":"BX","z":"625700"}]},{"i":"511900","n":"巴中市","a":"巴中","y":"BaZhong","b":"BZ","z":"636000","c":[{"i":"511903","n":"恩阳区","a":"恩阳区","y":"EnYangQu","b":"EYQ","z":"636064"},{"i":"511921","n":"通江县","a":"通江","y":"TongJiang","b":"TJ","z":"636700"},{"i":"511922","n":"南江县","a":"南江","y":"NanJiang","b":"NJ","z":"636600"},{"i":"511923","n":"平昌县","a":"平昌","y":"PingChang","b":"PC","z":"636400"}]},{"i":"511902","n":"巴州区","a":"巴州区","y":"BaZhouQu","b":"BZQ","z":"636601"},{"i":"512000","n":"资阳市","a":"资阳","y":"ZiYang","b":"ZY","z":"641300","c":[{"i":"512002","n":"雁江区","a":"雁江区","y":"YanJiangQu","b":"YJQ","z":"641300"},{"i":"512021","n":"安岳县","a":"安岳","y":"AnYue","b":"AY","z":"642350"},{"i":"512022","n":"乐至县","a":"乐至","y":"LeZhi","b":"LZ","z":"641500"},{"i":"512081","n":"简阳市","a":"简阳","y":"JianYang","b":"JY","z":"641400"}]},{"i":"513200","n":"阿坝藏族羌族自治州","a":"阿坝藏族羌族","y":"ABaCangZuQiangZu","b":"ABCZQZ","z":"623000","c":[{"i":"513221","n":"汶川县","a":"汶川","y":"WenChuan","b":"WC","z":"623000"},{"i":"513222","n":"理县","a":"理县","y":"LiXian","b":"LX","z":"632100"},{"i":"513223","n":"茂县","a":"茂县","y":"MaoXian","b":"MX","z":"623200"},{"i":"513224","n":"松潘县","a":"松潘","y":"SongPan","b":"SP","z":"623300"},{"i":"513225","n":"九寨沟县","a":"九寨沟","y":"JiuZhaiGou","b":"JZG","z":"623400"},{"i":"513226","n":"金川县","a":"金川","y":"JinChuan","b":"JC","z":"624100"},{"i":"513227","n":"小金县","a":"小金","y":"XiaoJin","b":"XJ","z":"624200"},{"i":"513228","n":"黑水县","a":"黑水","y":"HeiShui","b":"HS","z":"623500"},{"i":"513229","n":"马尔康县","a":"马尔康","y":"MaErKang","b":"MEK","z":"624000"},{"i":"513230","n":"壤塘县","a":"壤塘","y":"RangTang","b":"RT","z":"624300"},{"i":"513231","n":"阿坝县","a":"阿坝","y":"ABa","b":"AB","z":"624600"},{"i":"513232","n":"若尔盖县","a":"若尔盖","y":"RuoErGai","b":"REG","z":"624500"},{"i":"513233","n":"红原县","a":"红原","y":"HongYuan","b":"HY","z":"624400"}]},{"i":"513300","n":"甘孜藏族自治州","a":"甘孜藏族","y":"GanZiCangZu","b":"GZCZ","z":"626000","c":[{"i":"513321","n":"康定县","a":"康定","y":"KangDing","b":"KD","z":"626000"},{"i":"513322","n":"泸定县","a":"泸定","y":"LuDing","b":"LD","z":"626100"},{"i":"513323","n":"丹巴县","a":"丹巴","y":"DanBa","b":"DB","z":"626300"},{"i":"513324","n":"九龙县","a":"九龙","y":"JiuLong","b":"JL","z":"626200"},{"i":"513325","n":"雅江县","a":"雅江","y":"YaJiang","b":"YJ","z":"627450"},{"i":"513326","n":"道孚县","a":"道孚","y":"DaoFu","b":"DF","z":"626400"},{"i":"513327","n":"炉霍县","a":"炉霍","y":"LuHuo","b":"LH","z":"626500"},{"i":"513328","n":"甘孜县","a":"甘孜","y":"GanZi","b":"GZ","z":"626700"},{"i":"513329","n":"新龙县","a":"新龙","y":"XinLong","b":"XL","z":"626800"},{"i":"513330","n":"德格县","a":"德格","y":"DeGe","b":"DG","z":"627250"},{"i":"513331","n":"白玉县","a":"白玉","y":"BaiYu","b":"BY","z":"627150"},{"i":"513332","n":"石渠县","a":"石渠","y":"ShiQu","b":"SQ","z":"627350"},{"i":"513333","n":"色达县","a":"色达","y":"SeDa","b":"SD","z":"626600"},{"i":"513334","n":"理塘县","a":"理塘","y":"LiTang","b":"LT","z":"627550"},{"i":"513335","n":"巴塘县","a":"巴塘","y":"BaTang","b":"BT","z":"627650"},{"i":"513336","n":"乡城县","a":"乡城","y":"XiangCheng","b":"XC","z":"627850"},{"i":"513337","n":"稻城县","a":"稻城","y":"DaoCheng","b":"DC","z":"627750"},{"i":"513338","n":"得荣县","a":"得荣","y":"DeRong","b":"DR","z":"627950"}]},{"i":"513400","n":"凉山彝族自治州","a":"凉山彝族","y":"LiangShanYiZu","b":"LSYZ","z":"615000","c":[{"i":"513401","n":"西昌市","a":"西昌","y":"XiChang","b":"XC","z":"615000"},{"i":"513422","n":"木里藏族自治县","a":"木里藏族","y":"MuLiCangZu","b":"MLCZ","z":"615800"},{"i":"513423","n":"盐源县","a":"盐源","y":"YanYuan","b":"YY","z":"615700"},{"i":"513424","n":"德昌县","a":"德昌","y":"DeChang","b":"DC","z":"615500"},{"i":"513425","n":"会理县","a":"会理","y":"HuiLi","b":"HL","z":"615100"},{"i":"513426","n":"会东县","a":"会东","y":"HuiDong","b":"HD","z":"615200"},{"i":"513427","n":"宁南县","a":"宁南","y":"NingNan","b":"NN","z":"615400"},{"i":"513428","n":"普格县","a":"普格","y":"PuGe","b":"PG","z":"615300"},{"i":"513429","n":"布拖县","a":"布拖","y":"BuTuo","b":"BT","z":"616350"},{"i":"513430","n":"金阳县","a":"金阳","y":"JinYang","b":"JY","z":"616250"},{"i":"513431","n":"昭觉县","a":"昭觉","y":"ZhaoJue","b":"ZJ","z":"616150"},{"i":"513432","n":"喜德县","a":"喜德","y":"XiDe","b":"XD","z":"616750"},{"i":"513433","n":"冕宁县","a":"冕宁","y":"MianNing","b":"MN","z":"615600"},{"i":"513434","n":"越西县","a":"越西","y":"YueXi","b":"YX","z":"616650"},{"i":"513435","n":"甘洛县","a":"甘洛","y":"GanLuo","b":"GL","z":"616850"},{"i":"513436","n":"美姑县","a":"美姑","y":"MeiGu","b":"MG","z":"616450"},{"i":"513437","n":"雷波县","a":"雷波","y":"LeiBo","b":"LB","z":"616550"}]}]