[{"i":"520100","n":"贵阳市","a":"贵阳","y":"GuiYang","b":"GY","z":"550000","c":[{"i":"520102","n":"南明区","a":"南明区","y":"NanMingQu","b":"NMQ","z":"550002"},{"i":"520103","n":"云岩区","a":"云岩区","y":"YunYanQu","b":"YYQ","z":"550001"},{"i":"520111","n":"花溪区","a":"花溪区","y":"HuaXiQu","b":"HXQ","z":"550025"},{"i":"520112","n":"乌当区","a":"乌当区","y":"WuDangQu","b":"WDQ","z":"550018"},{"i":"520113","n":"白云区","a":"白云区","y":"BaiYunQu","b":"BYQ","z":"550014"},{"i":"520121","n":"开阳县","a":"开阳","y":"KaiYang","b":"KY","z":"550300"},{"i":"520122","n":"息烽县","a":"息烽","y":"XiFeng","b":"XF","z":"551100"},{"i":"520123","n":"修文县","a":"修文","y":"XiuWen","b":"XW","z":"550200"},{"i":"520181","n":"清镇市","a":"清镇","y":"QingZhen","b":"QZ","z":"551400"}]},{"i":"520200","n":"六盘水市","a":"六盘水","y":"LiuPanShui","b":"LPS","z":"553000","c":[{"i":"520203","n":"六枝特区","a":"六枝特区","y":"LiuZhiTeQu","b":"LZTQ","z":"553400"},{"i":"520221","n":"水城县","a":"水城","y":"ShuiCheng","b":"SC","z":"553600"},{"i":"520222","n":"盘县","a":"盘县","y":"PanXian","b":"PX","z":"561601"}]},{"i":"520300","n":"遵义市","a":"遵义","y":"ZunYi","b":"ZY","z":"563000","c":[{"i":"520302","n":"红花岗区","a":"红花岗区","y":"HongHuaGangQu","b":"HHGQ","z":"563000"},{"i":"520303","n":"汇川区","a":"汇川区","y":"HuiChuanQu","b":"HCQ","z":"563000"},{"i":"520321","n":"遵义县","a":"遵义","y":"ZunYi","b":"ZY","z":"563100"},{"i":"520322","n":"桐梓县","a":"桐梓","y":"TongZi","b":"TZ","z":"563200"},{"i":"520323","n":"绥阳县","a":"绥阳","y":"SuiYang","b":"SY","z":"563300"},{"i":"520324","n":"正安县","a":"正安","y":"ZhengAn","b":"ZA","z":"563400"},{"i":"520325","n":"道真仡佬族苗族自治县","a":"道真仡佬族苗族","y":"DaoZhenGeLaoZuMiaoZu","b":"DZGLZMZ","z":"563500"},{"i":"520326","n":"务川仡佬族苗族自治县","a":"务川仡佬族苗族","y":"WuChuanGeLaoZuMiaoZu","b":"WCGLZMZ","z":"564300"},{"i":"520327","n":"凤冈县","a":"凤冈","y":"FengGang","b":"FG","z":"564200"},{"i":"520328","n":"湄潭县","a":"湄潭","y":"MeiTan","b":"MT","z":"564100"},{"i":"520329","n":"余庆县","a":"余庆","y":"YuQing","b":"YQ","z":"564400"},{"i":"520330","n":"习水县","a":"习水","y":"XiShui","b":"XS","z":"564600"},{"i":"520381","n":"赤水市","a":"赤水","y":"ChiShui","b":"CS","z":"564700"},{"i":"520382","n":"仁怀市","a":"仁怀","y":"RenHuai","b":"RH","z":"564500"}]},{"i":"520400","n":"安顺市","a":"安顺","y":"AnShun","b":"AS","z":"561000","c":[{"i":"520402","n":"西秀区","a":"西秀区","y":"XiXiuQu","b":"XXQ","z":"561000"},{"i":"520421","n":"平坝县","a":"平坝","y":"PingBa","b":"PB","z":"561100"},{"i":"520422","n":"普定县","a":"普定","y":"PuDing","b":"PD","z":"562100"},{"i":"520423","n":"镇宁布依族苗族自治县","a":"镇宁布依族苗族","y":"ZhenNingBuYiZuMiaoZu","b":"ZNBYZMZ","z":"561200"},{"i":"520424","n":"关岭布依族苗族自治县","a":"关岭布依族苗族","y":"GuanLingBuYiZuMiaoZu","b":"GLBYZMZ","z":"561300"},{"i":"520425","n":"紫云苗族布依族自治县","a":"紫云苗族布依族","y":"ZiYunMiaoZuBuYiZu","b":"ZYMZBYZ","z":"550800"}]},{"i":"520500","n":"毕节市","a":"毕节","y":"BiJie","b":"BJ","z":"","c":[{"i":"520502","n":"七星关区","a":"七星关区","y":"QiXingGuanQu","b":"QXGQ","z":""},{"i":"520521","n":"大方县","a":"大方","y":"DaFang","b":"DF","z":""},{"i":"520522","n":"黔西县","a":"黔西","y":"QianXi","b":"QX","z":""},{"i":"520523","n":"金沙县","a":"金沙","y":"JinSha","b":"JS","z":""},{"i":"520524","n":"织金县","a":"织金","y":"ZhiJin","b":"ZJ","z":""},{"i":"520525","n":"纳雍县","a":"纳雍","y":"NaYong","b":"NY","z":""},{"i":"520526","n":"威宁彝族回族苗族自治县","a":"威宁彝族回族苗族","y":"WeiNingYiZuHuiZuMiaoZu","b":"WNYZHZMZ","z":""},{"i":"520527","n":"赫章县","a":"赫章","y":"HeZhang","b":"HZ","z":""}]},{"i":"520600","n":"铜仁市","a":"铜仁","y":"TongRen","b":"TR","z":"","c":[{"i":"520602","n":"碧江区","a":"碧江区","y":"BiJiangQu","b":"BJQ","z":""},{"i":"520603","n":"万山区","a":"万山区","y":"WanShanQu","b":"WSQ","z":""},{"i":"520621","n":"江口县","a":"江口","y":"JiangKou","b":"JK","z":""},{"i":"520622","n":"玉屏侗族自治县","a":"玉屏侗族","y":"YuPingDongZu","b":"YPDZ","z":""},{"i":"520623","n":"石阡县","a":"石阡","y":"ShiQian","b":"SQ","z":""},{"i":"520624","n":"思南县","a":"思南","y":"SiNan","b":"SN","z":""},{"i":"520625","n":"印江土家族苗族自治县","a":"印江土家族苗族","y":"YinJiangTuJiaZuMiaoZu","b":"YJTJZMZ","z":""},{"i":"520626","n":"德江县","a":"德江","y":"DeJiang","b":"DJ","z":""},{"i":"520627","n":"沿河土家族自治县","a":"沿河土家族","y":"YanHeTuJiaZu","b":"YHTJZ","z":""},{"i":"520628","n":"松桃苗族自治县","a":"松桃苗族","y":"SongTaoMiaoZu","b":"STMZ","z":""}]},{"i":"522300","n":"黔西南布依族苗族自治州","a":"黔西南布依族苗族","y":"QianXiNanBuYiZuMiaoZu","b":"QXNBYZMZ","z":"562400","c":[{"i":"522301","n":"兴义市","a":"兴义","y":"XingYi","b":"XY","z":"562400"},{"i":"522322","n":"兴仁县","a":"兴仁","y":"XingRen","b":"XR","z":"562300"},{"i":"522323","n":"普安县","a":"普安","y":"PuAn","b":"PA","z":"561500"},{"i":"522324","n":"晴隆县","a":"晴隆","y":"QingLong","b":"QL","z":"561400"},{"i":"522325","n":"贞丰县","a":"贞丰","y":"ZhenFeng","b":"ZF","z":"562200"},{"i":"522326","n":"望谟县","a":"望谟","y":"WangMo","b":"WM","z":"552300"},{"i":"522327","n":"册亨县","a":"册亨","y":"CeHeng","b":"CH","z":"552200"},{"i":"522328","n":"安龙县","a":"安龙","y":"AnLong","b":"AL","z":"552400"}]},{"i":"522600","n":"黔东南苗族侗族自治州","a":"黔东南苗族侗族","y":"QianDongNanMiaoZuDongZu","b":"QDNMZDZ","z":"556000","c":[{"i":"522601","n":"凯里市","a":"凯里","y":"KaiLi","b":"KL","z":"556000"},{"i":"522622","n":"黄平县","a":"黄平","y":"HuangPing","b":"HP","z":"556100"},{"i":"522623","n":"施秉县","a":"施秉","y":"ShiBing","b":"SB","z":"556200"},{"i":"522624","n":"三穗县","a":"三穗","y":"SanSui","b":"SS","z":"556500"},{"i":"522625","n":"镇远县","a":"镇远","y":"ZhenYuan","b":"ZY","z":"557700"},{"i":"522626","n":"岑巩县","a":"岑巩","y":"CenGong","b":"CG","z":"557800"},{"i":"522627","n":"天柱县","a":"天柱","y":"TianZhu","b":"TZ","z":"556600"},{"i":"522628","n":"锦屏县","a":"锦屏","y":"JinPing","b":"JP","z":"556700"},{"i":"522629","n":"剑河县","a":"剑河","y":"JianHe","b":"JH","z":"556400"},{"i":"522630","n":"台江县","a":"台江","y":"TaiJiang","b":"TJ","z":"556300"},{"i":"522631","n":"黎平县","a":"黎平","y":"LiPing","b":"LP","z":"557300"},{"i":"522632","n":"榕江县","a":"榕江","y":"RongJiang","b":"RJ","z":"557200"},{"i":"522633","n":"从江县","a":"从江","y":"CongJiang","b":"CJ","z":"557400"},{"i":"522634","n":"雷山县","a":"雷山","y":"LeiShan","b":"LS","z":"557100"},{"i":"522635","n":"麻江县","a":"麻江","y":"MaJiang","b":"MJ","z":"557600"},{"i":"522636","n":"丹寨县","a":"丹寨","y":"DanZhai","b":"DZ","z":"557500"}]},{"i":"522700","n":"黔南布依族苗族自治州","a":"黔南布依族苗族","y":"QianNanBuYiZuMiaoZu","b":"QNBYZMZ","z":"558200","c":[{"i":"522701","n":"都匀市","a":"都匀","y":"DouYun","b":"DY","z":"558000"},{"i":"522702","n":"福泉市","a":"福泉","y":"FuQuan","b":"FQ","z":"550500"},{"i":"522722","n":"荔波县","a":"荔波","y":"LiBo","b":"LB","z":"558400"},{"i":"522723","n":"贵定县","a":"贵定","y":"GuiDing","b":"GD","z":"551300"},{"i":"522725","n":"瓮安县","a":"瓮安","y":"WengAn","b":"WA","z":"550400"},{"i":"522726","n":"独山县","a":"独山","y":"DuShan","b":"DS","z":"558200"},{"i":"522727","n":"平塘县","a":"平塘","y":"PingTang","b":"PT","z":"558300"},{"i":"522728","n":"罗甸县","a":"罗甸","y":"LuoDian","b":"LD","z":"550100"},{"i":"522729","n":"长顺县","a":"长顺","y":"ZhangShun","b":"ZS","z":"550700"},{"i":"522730","n":"龙里县","a":"龙里","y":"LongLi","b":"LL","z":"551200"},{"i":"522731","n":"惠水县","a":"惠水","y":"HuiShui","b":"HS","z":"550600"},{"i":"522732","n":"三都水族自治县","a":"三都水族","y":"SanDouShuiZu","b":"SDSZ","z":"558100"}]}]