[{"i":"530100","n":"昆明市","a":"昆明","y":"KunMing","b":"KM","z":"650000","c":[{"i":"530102","n":"五华区","a":"五华区","y":"WuHuaQu","b":"WHQ","z":"650032"},{"i":"530103","n":"盘龙区","a":"盘龙区","y":"PanLongQu","b":"PLQ","z":"650051"},{"i":"530111","n":"官渡区","a":"官渡区","y":"GuanDuQu","b":"GDQ","z":"650220"},{"i":"530112","n":"西山区","a":"西山区","y":"XiShanQu","b":"XSQ","z":"650100"},{"i":"530113","n":"东川区","a":"东川区","y":"DongChuanQu","b":"DCQ","z":"654100"},{"i":"530114","n":"呈贡区","a":"呈贡区","y":"ChengGongQu","b":"CGQ","z":""},{"i":"530122","n":"晋宁县","a":"晋宁","y":"JinNing","b":"JN","z":"650600"},{"i":"530124","n":"富民县","a":"富民","y":"FuMin","b":"FM","z":"650400"},{"i":"530125","n":"宜良县","a":"宜良","y":"YiLiang","b":"YL","z":"652100"},{"i":"530126","n":"石林彝族自治县","a":"石林彝族","y":"ShiLinYiZu","b":"SLYZ","z":"652200"},{"i":"530127","n":"嵩明县","a":"嵩明","y":"SongMing","b":"SM","z":"651700"},{"i":"530128","n":"禄劝彝族苗族自治县","a":"禄劝彝族苗族","y":"LuQuanYiZuMiaoZu","b":"LQYZMZ","z":"651500"},{"i":"530129","n":"寻甸回族彝族自治县","a":"寻甸回族彝族","y":"XunDianHuiZuYiZu","b":"XDHZYZ","z":"655200"},{"i":"530181","n":"安宁市","a":"安宁","y":"AnNing","b":"AN","z":"650300"}]},{"i":"530300","n":"曲靖市","a":"曲靖","y":"QuJing","b":"QJ","z":"655000","c":[{"i":"530302","n":"麒麟区","a":"麒麟区","y":"QiLinQu","b":"QLQ","z":"655000"},{"i":"530321","n":"马龙县","a":"马龙","y":"MaLong","b":"ML","z":"655100"},{"i":"530322","n":"陆良县","a":"陆良","y":"LuLiang","b":"LL","z":"655600"},{"i":"530323","n":"师宗县","a":"师宗","y":"ShiZong","b":"SZ","z":"655700"},{"i":"530324","n":"罗平县","a":"罗平","y":"LuoPing","b":"LP","z":"655800"},{"i":"530325","n":"富源县","a":"富源","y":"FuYuan","b":"FY","z":"655500"},{"i":"530326","n":"会泽县","a":"会泽","y":"HuiZe","b":"HZ","z":"654200"},{"i":"530328","n":"沾益县","a":"沾益","y":"ZhanYi","b":"ZY","z":"655331"},{"i":"530381","n":"宣威市","a":"宣威","y":"XuanWei","b":"XW","z":"655400"}]},{"i":"530400","n":"玉溪市","a":"玉溪","y":"YuXi","b":"YX","z":"653100","c":[{"i":"530402","n":"红塔区","a":"红塔区","y":"HongTaQu","b":"HTQ","z":"653100"},{"i":"530421","n":"江川县","a":"江川","y":"JiangChuan","b":"JC","z":"652600"},{"i":"530422","n":"澄江县","a":"澄江","y":"ChengJiang","b":"CJ","z":"652500"},{"i":"530423","n":"通海县","a":"通海","y":"TongHai","b":"TH","z":"652700"},{"i":"530424","n":"华宁县","a":"华宁","y":"HuaNing","b":"HN","z":"652800"},{"i":"530425","n":"易门县","a":"易门","y":"YiMen","b":"YM","z":"651100"},{"i":"530426","n":"峨山彝族自治县","a":"峨山彝族","y":"EShanYiZu","b":"ESYZ","z":"653200"},{"i":"530427","n":"新平彝族傣族自治县","a":"新平彝族傣族","y":"XinPingYiZuDaiZu","b":"XPYZDZ","z":"653400"},{"i":"530428","n":"元江哈尼族彝族傣族自治县","a":"元江哈尼族彝族傣族","y":"YuanJiangHaNiZuYiZuDaiZu","b":"YJHNZYZDZ","z":"653300"}]},{"i":"530500","n":"保山市","a":"保山","y":"BaoShan","b":"BS","z":"678200","c":[{"i":"530502","n":"隆阳区","a":"隆阳区","y":"LongYangQu","b":"LYQ","z":"678000"},{"i":"530521","n":"施甸县","a":"施甸","y":"ShiDian","b":"SD","z":"678200"},{"i":"530522","n":"腾冲县","a":"腾冲","y":"TengChong","b":"TC","z":"679100"},{"i":"530523","n":"龙陵县","a":"龙陵","y":"LongLing","b":"LL","z":"678300"},{"i":"530524","n":"昌宁县","a":"昌宁","y":"ChangNing","b":"CN","z":"678100"}]},{"i":"530600","n":"昭通市","a":"昭通","y":"ZhaoTong","b":"ZT","z":"657000","c":[{"i":"530602","n":"昭阳区","a":"昭阳区","y":"ZhaoYangQu","b":"ZYQ","z":"657000"},{"i":"530621","n":"鲁甸县","a":"鲁甸","y":"LuDian","b":"LD","z":"657100"},{"i":"530622","n":"巧家县","a":"巧家","y":"QiaoJia","b":"QJ","z":"654600"},{"i":"530623","n":"盐津县","a":"盐津","y":"YanJin","b":"YJ","z":"657500"},{"i":"530624","n":"大关县","a":"大关","y":"DaGuan","b":"DG","z":"657400"},{"i":"530625","n":"永善县","a":"永善","y":"YongShan","b":"YS","z":"657300"},{"i":"530626","n":"绥江县","a":"绥江","y":"SuiJiang","b":"SJ","z":"657700"},{"i":"530627","n":"镇雄县","a":"镇雄","y":"ZhenXiong","b":"ZX","z":"657200"},{"i":"530628","n":"彝良县","a":"彝良","y":"YiLiang","b":"YL","z":"657600"},{"i":"530629","n":"威信县","a":"威信","y":"WeiXin","b":"WX","z":"657900"},{"i":"530630","n":"水富县","a":"水富","y":"ShuiFu","b":"SF","z":"657800"}]},{"i":"530700","n":"丽江市","a":"丽江","y":"LiJiang","b":"LJ","z":"674100","c":[{"i":"530702","n":"古城区","a":"古城区","y":"GuChengQu","b":"GCQ","z":"674100"},{"i":"530721","n":"玉龙纳西族自治县","a":"玉龙纳西族","y":"YuLongNaXiZu","b":"YLNXZ","z":"674100"},{"i":"530722","n":"永胜县","a":"永胜","y":"YongSheng","b":"YS","z":"674200"},{"i":"530723","n":"华坪县","a":"华坪","y":"HuaPing","b":"HP","z":"674800"},{"i":"530724","n":"宁蒗彝族自治县","a":"宁蒗彝族","y":"NingLangYiZu","b":"NLYZ","z":"674300"}]},{"i":"530800","n":"普洱市","a":"普洱","y":"PuEr","b":"PE","z":"665000","c":[{"i":"530802","n":"思茅区","a":"思茅区","y":"SiMaoQu","b":"SMQ","z":"665000"},{"i":"530821","n":"宁洱哈尼族彝族自治县","a":"宁洱哈尼族彝族","y":"NingErHaNiZuYiZu","b":"NEHNZYZ","z":"665100"},{"i":"530822","n":"墨江哈尼族自治县","a":"墨江哈尼族","y":"MoJiangHaNiZu","b":"MJHNZ","z":"654800"},{"i":"530823","n":"景东彝族自治县","a":"景东彝族","y":"JingDongYiZu","b":"JDYZ","z":"676200"},{"i":"530824","n":"景谷傣族彝族自治县","a":"景谷傣族彝族","y":"JingGuDaiZuYiZu","b":"JGDZYZ","z":"666400"},{"i":"530825","n":"镇沅彝族哈尼族拉祜族自治县","a":"镇沅彝族哈尼族拉祜族","y":"ZhenYuanYiZuHaNiZuLaHuZu","b":"ZYYZHNZLHZ","z":"666500"},{"i":"530826","n":"江城哈尼族彝族自治县","a":"江城哈尼族彝族","y":"JiangChengHaNiZuYiZu","b":"JCHNZYZ","z":"665900"},{"i":"530827","n":"孟连傣族拉祜族佤族自治县","a":"孟连傣族拉祜族佤族","y":"MengLianDaiZuLaHuZuWaZu","b":"MLDZLHZWZ","z":"665800"},{"i":"530828","n":"澜沧拉祜族自治县","a":"澜沧拉祜族","y":"LanCangLaHuZu","b":"LCLHZ","z":"665600"},{"i":"530829","n":"西盟佤族自治县","a":"西盟佤族","y":"XiMengWaZu","b":"XMWZ","z":"665700"}]},{"i":"530900","n":"临沧市","a":"临沧","y":"LinCang","b":"LC","z":"677000","c":[{"i":"530902","n":"临翔区","a":"临翔区","y":"LinXiangQu","b":"LXQ","z":"677000"},{"i":"530921","n":"凤庆县","a":"凤庆","y":"FengQing","b":"FQ","z":"675900"},{"i":"530922","n":"云县","a":"云县","y":"YunXian","b":"YX","z":"675800"},{"i":"530923","n":"永德县","a":"永德","y":"YongDe","b":"YD","z":"677600"},{"i":"530924","n":"镇康县","a":"镇康","y":"ZhenKang","b":"ZK","z":"677700"},{"i":"530925","n":"双江拉祜族佤族布朗族傣族自治县","a":"双江拉祜族佤族布朗族傣族","y":"ShuangJiangLaHuZuWaZuBuLangZuDaiZu","b":"SJLHZWZBLZDZ","z":"677300"},{"i":"530926","n":"耿马傣族佤族自治县","a":"耿马傣族佤族","y":"GengMaDaiZuWaZu","b":"GMDZWZ","z":"677500"},{"i":"530927","n":"沧源佤族自治县","a":"沧源佤族","y":"CangYuanWaZu","b":"CYWZ","z":"677400"}]},{"i":"532300","n":"楚雄彝族自治州","a":"楚雄彝族","y":"ChuXiongYiZu","b":"CXYZ","z":"675000","c":[{"i":"532301","n":"楚雄市","a":"楚雄","y":"ChuXiong","b":"CX","z":"675000"},{"i":"532322","n":"双柏县","a":"双柏","y":"ShuangBai","b":"SB","z":"675100"},{"i":"532323","n":"牟定县","a":"牟定","y":"MouDing","b":"MD","z":"675500"},{"i":"532324","n":"南华县","a":"南华","y":"NanHua","b":"NH","z":"675200"},{"i":"532325","n":"姚安县","a":"姚安","y":"YaoAn","b":"YA","z":"675300"},{"i":"532326","n":"大姚县","a":"大姚","y":"DaYao","b":"DY","z":"675400"},{"i":"532327","n":"永仁县","a":"永仁","y":"YongRen","b":"YR","z":"651400"},{"i":"532328","n":"元谋县","a":"元谋","y":"YuanMou","b":"YM","z":"651300"},{"i":"532329","n":"武定县","a":"武定","y":"WuDing","b":"WD","z":"651600"},{"i":"532331","n":"禄丰县","a":"禄丰","y":"LuFeng","b":"LF","z":"651200"}]},{"i":"532500","n":"红河哈尼族彝族自治州","a":"红河哈尼族彝族","y":"HongHeHaNiZuYiZu","b":"HHHNZYZ","z":"662200","c":[{"i":"532501","n":"个旧市","a":"个旧","y":"GeJiu","b":"GJ","z":"661000"},{"i":"532502","n":"开远市","a":"开远","y":"KaiYuan","b":"KY","z":"661600"},{"i":"532503","n":"蒙自市","a":"蒙自","y":"MengZi","b":"MZ","z":""},{"i":"532504","n":"弥勒市","a":"弥勒市","y":"MiLeShi","b":"MLS","z":"652399"},{"i":"532523","n":"屏边苗族自治县","a":"屏边苗族","y":"PingBianMiaoZu","b":"PBMZ","z":"661200"},{"i":"532524","n":"建水县","a":"建水","y":"JianShui","b":"JS","z":"654300"},{"i":"532525","n":"石屏县","a":"石屏","y":"ShiPing","b":"SP","z":"662200"},{"i":"532527","n":"泸西县","a":"泸西","y":"LuXi","b":"LX","z":"652400"},{"i":"532528","n":"元阳县","a":"元阳","y":"YuanYang","b":"YY","z":"662400"},{"i":"532529","n":"红河县","a":"红河","y":"HongHe","b":"HH","z":"654400"},{"i":"532530","n":"金平苗族瑶族傣族自治县","a":"金平苗族瑶族傣族","y":"JinPingMiaoZuYaoZuDaiZu","b":"JPMZYZDZ","z":"661500"},{"i":"532531","n":"绿春县","a":"绿春","y":"LvChun","b":"LC","z":"662500"},{"i":"532532","n":"河口瑶族自治县","a":"河口瑶族","y":"HeKouYaoZu","b":"HKYZ","z":"661300"}]},{"i":"532600","n":"文山壮族苗族自治州","a":"文山壮族苗族","y":"WenShanZhuangZuMiaoZu","b":"WSZZMZ","z":"663200","c":[{"i":"532601","n":"文山市","a":"文山","y":"WenShan","b":"WS","z":""},{"i":"532622","n":"砚山县","a":"砚山","y":"YanShan","b":"YS","z":"663100"},{"i":"532623","n":"西畴县","a":"西畴","y":"XiChou","b":"XC","z":"663500"},{"i":"532624","n":"麻栗坡县","a":"麻栗坡","y":"MaLiPo","b":"MLP","z":"663600"},{"i":"532625","n":"马关县","a":"马关","y":"MaGuan","b":"MG","z":"663700"},{"i":"532626","n":"丘北县","a":"丘北","y":"QiuBei","b":"QB","z":"663200"},{"i":"532627","n":"广南县","a":"广南","y":"GuangNan","b":"GN","z":"663300"},{"i":"532628","n":"富宁县","a":"富宁","y":"FuNing","b":"FN","z":"663400"}]},{"i":"532800","n":"西双版纳傣族自治州","a":"西双版纳傣族","y":"XiShuangBanNaDaiZu","b":"XSBNDZ","z":"666100","c":[{"i":"532801","n":"景洪市","a":"景洪","y":"JingHong","b":"JH","z":"666100"},{"i":"532822","n":"勐海县","a":"勐海","y":"MengHai","b":"MH","z":"666200"},{"i":"532823","n":"勐腊县","a":"勐腊","y":"MengLa","b":"ML","z":"666300"}]},{"i":"532900","n":"大理白族自治州","a":"大理白族","y":"DaLiBaiZu","b":"DLBZ","z":"671000","c":[{"i":"532901","n":"大理市","a":"大理","y":"DaLi","b":"DL","z":"671000"},{"i":"532922","n":"漾濞彝族自治县","a":"漾濞彝族","y":"YangBiYiZu","b":"YBYZ","z":"672500"},{"i":"532923","n":"祥云县","a":"祥云","y":"XiangYun","b":"XY","z":"672100"},{"i":"532924","n":"宾川县","a":"宾川","y":"BinChuan","b":"BC","z":"671600"},{"i":"532925","n":"弥渡县","a":"弥渡","y":"MiDu","b":"MD","z":"675600"},{"i":"532926","n":"南涧彝族自治县","a":"南涧彝族","y":"NanJianYiZu","b":"NJYZ","z":"675700"},{"i":"532927","n":"巍山彝族回族自治县","a":"巍山彝族回族","y":"WeiShanYiZuHuiZu","b":"WSYZHZ","z":"672400"},{"i":"532928","n":"永平县","a":"永平","y":"YongPing","b":"YP","z":"672600"},{"i":"532929","n":"云龙县","a":"云龙","y":"YunLong","b":"YL","z":"672700"},{"i":"532930","n":"洱源县","a":"洱源","y":"ErYuan","b":"EY","z":"671200"},{"i":"532931","n":"剑川县","a":"剑川","y":"JianChuan","b":"JC","z":"671300"},{"i":"532932","n":"鹤庆县","a":"鹤庆","y":"HeQing","b":"HQ","z":"671500"}]},{"i":"533100","n":"德宏傣族景颇族自治州","a":"德宏傣族景颇族","y":"DeHongDaiZuJingPoZu","b":"DHDZJPZ","z":"678600","c":[{"i":"533102","n":"瑞丽市","a":"瑞丽","y":"RuiLi","b":"RL","z":"678600"},{"i":"533103","n":"芒市","a":"芒市","y":"MangShi","b":"MS","z":"678400"},{"i":"533122","n":"梁河县","a":"梁河","y":"LiangHe","b":"LH","z":"679200"},{"i":"533123","n":"盈江县","a":"盈江","y":"YingJiang","b":"YJ","z":"679300"},{"i":"533124","n":"陇川县","a":"陇川","y":"LongChuan","b":"LC","z":"678700"}]},{"i":"533300","n":"怒江傈僳族自治州","a":"怒江傈僳族","y":"NuJiangLiSuZu","b":"NJLSZ","z":"673200","c":[{"i":"533321","n":"泸水县","a":"泸水","y":"LuShui","b":"LS","z":"673100"},{"i":"533323","n":"福贡县","a":"福贡","y":"FuGong","b":"FG","z":"673400"},{"i":"533324","n":"贡山独龙族怒族自治县","a":"贡山独龙族怒族","y":"GongShanDuLongZuNuZu","b":"GSDLZNZ","z":"673500"},{"i":"533325","n":"兰坪白族普米族自治县","a":"兰坪白族普米族","y":"LanPingBaiZuPuMiZu","b":"LPBZPMZ","z":"671400"}]},{"i":"533400","n":"迪庆藏族自治州","a":"迪庆藏族","y":"DiQingCangZu","b":"DQCZ","z":"674400","c":[{"i":"533421","n":"香格里拉县","a":"香格里拉","y":"XiangGeLiLa","b":"XGLL","z":"674400"},{"i":"533422","n":"德钦县","a":"德钦","y":"DeQin","b":"DQ","z":"674500"},{"i":"533423","n":"维西傈僳族自治县","a":"维西傈僳族","y":"WeiXiLiSuZu","b":"WXLSZ","z":"674600"}]}]