[{"i":"540100","n":"拉萨市","a":"拉萨","y":"LaSa","b":"LS","z":"850000","c":[{"i":"540102","n":"城关区","a":"城关区","y":"ChengGuanQu","b":"CGQ","z":"850000"},{"i":"540121","n":"林周县","a":"林周","y":"LinZhou","b":"LZ","z":"851600"},{"i":"540122","n":"当雄县","a":"当雄","y":"DangXiong","b":"DX","z":"851500"},{"i":"540123","n":"尼木县","a":"尼木","y":"NiMu","b":"NM","z":"851300"},{"i":"540124","n":"曲水县","a":"曲水","y":"QuShui","b":"QS","z":"850600"},{"i":"540125","n":"堆龙德庆县","a":"堆龙德庆","y":"DuiLongDeQing","b":"DLDQ","z":"851400"},{"i":"540126","n":"达孜县","a":"达孜","y":"DaZi","b":"DZ","z":"850100"},{"i":"540127","n":"墨竹工卡县","a":"墨竹工卡","y":"MoZhuGongKa","b":"MZGK","z":"850200"}]},{"i":"542100","n":"昌都地区","a":"昌都地区","y":"ChangDouDeQu","b":"CDDQ","z":"854000","c":[{"i":"542121","n":"昌都县","a":"昌都","y":"ChangDou","b":"CD","z":"854000"},{"i":"542122","n":"江达县","a":"江达","y":"JiangDa","b":"JD","z":"854100"},{"i":"542123","n":"贡觉县","a":"贡觉","y":"GongJue","b":"GJ","z":"854200"},{"i":"542124","n":"类乌齐县","a":"类乌齐","y":"LeiWuQi","b":"LWQ","z":"855600"},{"i":"542125","n":"丁青县","a":"丁青","y":"DingQing","b":"DQ","z":"855700"},{"i":"542126","n":"察雅县","a":"察雅","y":"ChaYa","b":"CY","z":"854300"},{"i":"542127","n":"八宿县","a":"八宿","y":"BaSu","b":"BS","z":"854600"},{"i":"542128","n":"左贡县","a":"左贡","y":"ZuoGong","b":"ZG","z":"854400"},{"i":"542129","n":"芒康县","a":"芒康","y":"MangKang","b":"MK","z":"854500"},{"i":"542132","n":"洛隆县","a":"洛隆","y":"LuoLong","b":"LL","z":"855400"},{"i":"542133","n":"边坝县","a":"边坝","y":"BianBa","b":"BB","z":"855500"}]},{"i":"542200","n":"山南地区","a":"山南地区","y":"ShanNanDeQu","b":"SNDQ","z":"856100","c":[{"i":"542221","n":"乃东县","a":"乃东","y":"NaiDong","b":"ND","z":"856100"},{"i":"542222","n":"扎囊县","a":"扎囊","y":"ZhaNang","b":"ZN","z":"850800"},{"i":"542223","n":"贡嘎县","a":"贡嘎","y":"GongGa","b":"GG","z":"850700"},{"i":"542224","n":"桑日县","a":"桑日","y":"SangRi","b":"SR","z":"856200"},{"i":"542225","n":"琼结县","a":"琼结","y":"QiongJie","b":"QJ","z":"856800"},{"i":"542226","n":"曲松县","a":"曲松","y":"QuSong","b":"QS","z":"856300"},{"i":"542227","n":"措美县","a":"措美","y":"CuoMei","b":"CM","z":"856900"},{"i":"542228","n":"洛扎县","a":"洛扎","y":"LuoZha","b":"LZ","z":"851200"},{"i":"542229","n":"加查县","a":"加查","y":"JiaCha","b":"JC","z":"856400"},{"i":"542231","n":"隆子县","a":"隆子","y":"LongZi","b":"LZ","z":"856600"},{"i":"542232","n":"错那县","a":"错那","y":"CuoNa","b":"CN","z":"856700"},{"i":"542233","n":"浪卡子县","a":"浪卡子","y":"LangKaZi","b":"LKZ","z":"851100"}]},{"i":"542300","n":"日喀则地区","a":"日喀则地区","y":"RiKaZeDeQu","b":"RKZDQ","z":"857400","c":[{"i":"542301","n":"日喀则市","a":"日喀则","y":"RiKaZe","b":"RKZ","z":"857000"},{"i":"542322","n":"南木林县","a":"南木林","y":"NanMuLin","b":"NML","z":"857100"},{"i":"542323","n":"江孜县","a":"江孜","y":"JiangZi","b":"JZ","z":"857400"},{"i":"542324","n":"定日县","a":"定日","y":"DingRi","b":"DR","z":"858200"},{"i":"542325","n":"萨迦县","a":"萨迦","y":"SaJia","b":"SJ","z":"857800"},{"i":"542326","n":"拉孜县","a":"拉孜","y":"LaZi","b":"LZ","z":"858100"},{"i":"542327","n":"昂仁县","a":"昂仁","y":"AngRen","b":"AR","z":"858500"},{"i":"542328","n":"谢通门县","a":"谢通门","y":"XieTongMen","b":"XTM","z":"858900"},{"i":"542329","n":"白朗县","a":"白朗","y":"BaiLang","b":"BL","z":"857300"},{"i":"542330","n":"仁布县","a":"仁布","y":"RenBu","b":"RB","z":"857200"},{"i":"542331","n":"康马县","a":"康马","y":"KangMa","b":"KM","z":"857500"},{"i":"542332","n":"定结县","a":"定结","y":"DingJie","b":"DJ","z":"857900"},{"i":"542333","n":"仲巴县","a":"仲巴","y":"ZhongBa","b":"ZB","z":"858800"},{"i":"542334","n":"亚东县","a":"亚东","y":"YaDong","b":"YD","z":"857600"},{"i":"542335","n":"吉隆县","a":"吉隆","y":"JiLong","b":"JL","z":"858700"},{"i":"542336","n":"聂拉木县","a":"聂拉木","y":"NieLaMu","b":"NLM","z":"858300"},{"i":"542337","n":"萨嘎县","a":"萨嘎","y":"SaGa","b":"SG","z":"858600"},{"i":"542338","n":"岗巴县","a":"岗巴","y":"GangBa","b":"GB","z":"857700"}]},{"i":"542400","n":"那曲地区","a":"那曲地区","y":"NaQuDeQu","b":"NQDQ","z":"852000","c":[{"i":"542421","n":"那曲县","a":"那曲","y":"NaQu","b":"NQ","z":"852000"},{"i":"542422","n":"嘉黎县","a":"嘉黎","y":"JiaLi","b":"JL","z":"852400"},{"i":"542423","n":"比如县","a":"比如","y":"BiRu","b":"BR","z":"852300"},{"i":"542424","n":"聂荣县","a":"聂荣","y":"NieRong","b":"NR","z":"853500"},{"i":"542425","n":"安多县","a":"安多","y":"AnDuo","b":"AD","z":"853400"},{"i":"542426","n":"申扎县","a":"申扎","y":"ShenZha","b":"SZ","z":"853100"},{"i":"542427","n":"索县","a":"索县","y":"SuoXian","b":"SX","z":"852200"},{"i":"542428","n":"班戈县","a":"班戈","y":"BanGe","b":"BG","z":"852500"},{"i":"542429","n":"巴青县","a":"巴青","y":"BaQing","b":"BQ","z":"852100"},{"i":"542430","n":"尼玛县","a":"尼玛","y":"NiMa","b":"NM","z":"852600"},{"i":"542431","n":"双湖县","a":"双湖县","y":"ShuangHuXian","b":"SHX","z":"853300"}]},{"i":"542500","n":"阿里地区","a":"阿里地区","y":"ALiDeQu","b":"ALDQ","z":"859400","c":[{"i":"542521","n":"普兰县","a":"普兰","y":"PuLan","b":"PL","z":"859500"},{"i":"542522","n":"札达县","a":"札达","y":"ZhaDa","b":"ZD","z":"859600"},{"i":"542523","n":"噶尔县","a":"噶尔","y":"GaEr","b":"GE","z":"859400"},{"i":"542524","n":"日土县","a":"日土","y":"RiTu","b":"RT","z":"859700"},{"i":"542525","n":"革吉县","a":"革吉","y":"GeJi","b":"GJ","z":"859100"},{"i":"542526","n":"改则县","a":"改则","y":"GaiZe","b":"GZ","z":"859200"},{"i":"542527","n":"措勤县","a":"措勤","y":"CuoQin","b":"CQ","z":"859300"}]},{"i":"542600","n":"林芝地区","a":"林芝地区","y":"LinZhiDeQu","b":"LZDQ","z":"860100","c":[{"i":"542621","n":"林芝县","a":"林芝","y":"LinZhi","b":"LZ","z":"860100"},{"i":"542622","n":"工布江达县","a":"工布江达","y":"GongBuJiangDa","b":"GBJD","z":"860200"},{"i":"542623","n":"米林县","a":"米林","y":"MiLin","b":"ML","z":"860500"},{"i":"542624","n":"墨脱县","a":"墨脱","y":"MoTuo","b":"MT","z":"860700"},{"i":"542625","n":"波密县","a":"波密","y":"BoMi","b":"BM","z":"860300"},{"i":"542626","n":"察隅县","a":"察隅","y":"ChaYu","b":"CY","z":"860600"},{"i":"542627","n":"朗县","a":"朗县","y":"LangXian","b":"LX","z":"860400"}]}]