[{"i":"610100","n":"西安市","a":"西安","y":"XiAn","b":"XA","z":"710000","c":[{"i":"610102","n":"新城区","a":"新城区","y":"XinChengQu","b":"XCQ","z":"710005"},{"i":"610103","n":"碑林区","a":"碑林区","y":"BeiLinQu","b":"BLQ","z":"710001"},{"i":"610104","n":"莲湖区","a":"莲湖区","y":"LianHuQu","b":"LHQ","z":"710003"},{"i":"610111","n":"灞桥区","a":"灞桥区","y":"BaQiaoQu","b":"BQQ","z":"710038"},{"i":"610112","n":"未央区","a":"未央区","y":"WeiYangQu","b":"WYQ","z":"710016"},{"i":"610113","n":"雁塔区","a":"雁塔区","y":"YanTaQu","b":"YTQ","z":"710061"},{"i":"610114","n":"阎良区","a":"阎良区","y":"YanLiangQu","b":"YLQ","z":"710089"},{"i":"610115","n":"临潼区","a":"临潼区","y":"LinTongQu","b":"LTQ","z":"710600"},{"i":"610116","n":"长安区","a":"长安区","y":"ZhangAnQu","b":"ZAQ","z":"710100"},{"i":"610122","n":"蓝田县","a":"蓝田","y":"LanTian","b":"LT","z":"710500"},{"i":"610124","n":"周至县","a":"周至","y":"ZhouZhi","b":"ZZ","z":"710400"},{"i":"610125","n":"户县","a":"户县","y":"HuXian","b":"HX","z":"710300"},{"i":"610126","n":"高陵县","a":"高陵","y":"GaoLing","b":"GL","z":"710200"}]},{"i":"610200","n":"铜川市","a":"铜川","y":"TongChuan","b":"TC","z":"727000","c":[{"i":"610202","n":"王益区","a":"王益区","y":"WangYiQu","b":"WYQ","z":"727000"},{"i":"610203","n":"印台区","a":"印台区","y":"YinTaiQu","b":"YTQ","z":"727007"},{"i":"610204","n":"耀州区","a":"耀州区","y":"YaoZhouQu","b":"YZQ","z":"727100"},{"i":"610222","n":"宜君县","a":"宜君","y":"YiJun","b":"YJ","z":"727200"}]},{"i":"610300","n":"宝鸡市","a":"宝鸡","y":"BaoJi","b":"BJ","z":"721000","c":[{"i":"610302","n":"渭滨区","a":"渭滨区","y":"WeiBinQu","b":"WBQ","z":"721000"},{"i":"610303","n":"金台区","a":"金台区","y":"JinTaiQu","b":"JTQ","z":"721001"},{"i":"610304","n":"陈仓区","a":"陈仓区","y":"ChenCangQu","b":"CCQ","z":"721300"},{"i":"610322","n":"凤翔县","a":"凤翔","y":"FengXiang","b":"FX","z":"721400"},{"i":"610323","n":"岐山县","a":"岐山","y":"QiShan","b":"QS","z":"722400"},{"i":"610324","n":"扶风县","a":"扶风","y":"FuFeng","b":"FF","z":"722200"},{"i":"610326","n":"眉县","a":"眉县","y":"MeiXian","b":"MX","z":"722300"},{"i":"610327","n":"陇县","a":"陇县","y":"LongXian","b":"LX","z":"721200"},{"i":"610328","n":"千阳县","a":"千阳","y":"QianYang","b":"QY","z":"721100"},{"i":"610329","n":"麟游县","a":"麟游","y":"LinYou","b":"LY","z":"721500"},{"i":"610330","n":"凤县","a":"凤县","y":"FengXian","b":"FX","z":"721700"},{"i":"610331","n":"太白县","a":"太白","y":"TaiBai","b":"TB","z":"721600"}]},{"i":"610400","n":"咸阳市","a":"咸阳","y":"XianYang","b":"XY","z":"712000","c":[{"i":"610402","n":"秦都区","a":"秦都区","y":"QinDouQu","b":"QDQ","z":"712000"},{"i":"610403","n":"杨陵区","a":"杨陵区","y":"YangLingQu","b":"YLQ","z":"712100"},{"i":"610404","n":"渭城区","a":"渭城区","y":"WeiChengQu","b":"WCQ","z":"712000"},{"i":"610422","n":"三原县","a":"三原","y":"SanYuan","b":"SY","z":"713800"},{"i":"610423","n":"泾阳县","a":"泾阳","y":"JingYang","b":"JY","z":"713700"},{"i":"610424","n":"乾县","a":"乾县","y":"GanXian","b":"GX","z":"713300"},{"i":"610425","n":"礼泉县","a":"礼泉","y":"LiQuan","b":"LQ","z":"713200"},{"i":"610426","n":"永寿县","a":"永寿","y":"YongShou","b":"YS","z":"713400"},{"i":"610427","n":"彬县","a":"彬县","y":"BinXian","b":"BX","z":"713500"},{"i":"610428","n":"长武县","a":"长武","y":"ZhangWu","b":"ZW","z":"713600"},{"i":"610429","n":"旬邑县","a":"旬邑","y":"XunYi","b":"XY","z":"711300"},{"i":"610430","n":"淳化县","a":"淳化","y":"ChunHua","b":"CH","z":"711200"},{"i":"610431","n":"武功县","a":"武功","y":"WuGong","b":"WG","z":"712200"},{"i":"610481","n":"兴平市","a":"兴平","y":"XingPing","b":"XP","z":"713100"}]},{"i":"610500","n":"渭南市","a":"渭南","y":"WeiNan","b":"WN","z":"714000","c":[{"i":"610502","n":"临渭区","a":"临渭区","y":"LinWeiQu","b":"LWQ","z":"714000"},{"i":"610521","n":"华县","a":"华县","y":"HuaXian","b":"HX","z":"714100"},{"i":"610522","n":"潼关县","a":"潼关","y":"TongGuan","b":"TG","z":"714300"},{"i":"610523","n":"大荔县","a":"大荔","y":"DaLi","b":"DL","z":"715100"},{"i":"610524","n":"合阳县","a":"合阳","y":"HeYang","b":"HY","z":"715300"},{"i":"610525","n":"澄城县","a":"澄城","y":"ChengCheng","b":"CC","z":"715200"},{"i":"610526","n":"蒲城县","a":"蒲城","y":"PuCheng","b":"PC","z":"715500"},{"i":"610527","n":"白水县","a":"白水","y":"BaiShui","b":"BS","z":"715600"},{"i":"610528","n":"富平县","a":"富平","y":"FuPing","b":"FP","z":"711700"},{"i":"610581","n":"韩城市","a":"韩城","y":"HanCheng","b":"HC","z":"715400"},{"i":"610582","n":"华阴市","a":"华阴","y":"HuaYin","b":"HY","z":"714200"}]},{"i":"610600","n":"延安市","a":"延安","y":"YanAn","b":"YA","z":"716000","c":[{"i":"610602","n":"宝塔区","a":"宝塔区","y":"BaoTaQu","b":"BTQ","z":"716000"},{"i":"610621","n":"延长县","a":"延长","y":"YanZhang","b":"YZ","z":"717100"},{"i":"610622","n":"延川县","a":"延川","y":"YanChuan","b":"YC","z":"717200"},{"i":"610623","n":"子长县","a":"子长","y":"ZiZhang","b":"ZZ","z":"717300"},{"i":"610624","n":"安塞县","a":"安塞","y":"AnSai","b":"AS","z":"717400"},{"i":"610625","n":"志丹县","a":"志丹","y":"ZhiDan","b":"ZD","z":"717500"},{"i":"610626","n":"吴起县","a":"吴起","y":"WuQi","b":"WQ","z":"717600"},{"i":"610627","n":"甘泉县","a":"甘泉","y":"GanQuan","b":"GQ","z":"716100"},{"i":"610628","n":"富县","a":"富县","y":"FuXian","b":"FX","z":"727500"},{"i":"610629","n":"洛川县","a":"洛川","y":"LuoChuan","b":"LC","z":"727400"},{"i":"610630","n":"宜川县","a":"宜川","y":"YiChuan","b":"YC","z":"716200"},{"i":"610631","n":"黄龙县","a":"黄龙","y":"HuangLong","b":"HL","z":"715700"},{"i":"610632","n":"黄陵县","a":"黄陵","y":"HuangLing","b":"HL","z":"727300"}]},{"i":"610700","n":"汉中市","a":"汉中","y":"HanZhong","b":"HZ","z":"723000","c":[{"i":"610702","n":"汉台区","a":"汉台区","y":"HanTaiQu","b":"HTQ","z":"723000"},{"i":"610721","n":"南郑县","a":"南郑","y":"NanZheng","b":"NZ","z":"723100"},{"i":"610722","n":"城固县","a":"城固","y":"ChengGu","b":"CG","z":"723200"},{"i":"610723","n":"洋县","a":"洋县","y":"YangXian","b":"YX","z":"723300"},{"i":"610724","n":"西乡县","a":"西乡","y":"XiXiang","b":"XX","z":"723500"},{"i":"610725","n":"勉县","a":"勉县","y":"MianXian","b":"MX","z":"724200"},{"i":"610726","n":"宁强县","a":"宁强","y":"NingQiang","b":"NQ","z":"724400"},{"i":"610727","n":"略阳县","a":"略阳","y":"EYang","b":"EY","z":"724300"},{"i":"610728","n":"镇巴县","a":"镇巴","y":"ZhenBa","b":"ZB","z":"723600"},{"i":"610729","n":"留坝县","a":"留坝","y":"LiuBa","b":"LB","z":"724100"},{"i":"610730","n":"佛坪县","a":"佛坪","y":"FuPing","b":"FP","z":"723400"}]},{"i":"610800","n":"榆林市","a":"榆林","y":"YuLin","b":"YL","z":"719000","c":[{"i":"610802","n":"榆阳区","a":"榆阳区","y":"YuYangQu","b":"YYQ","z":"719000"},{"i":"610821","n":"神木县","a":"神木","y":"ShenMu","b":"SM","z":"719300"},{"i":"610822","n":"府谷县","a":"府谷","y":"FuGu","b":"FG","z":"719400"},{"i":"610823","n":"横山县","a":"横山","y":"HengShan","b":"HS","z":"719100"},{"i":"610824","n":"靖边县","a":"靖边","y":"JingBian","b":"JB","z":"718500"},{"i":"610825","n":"定边县","a":"定边","y":"DingBian","b":"DB","z":"718600"},{"i":"610826","n":"绥德县","a":"绥德","y":"SuiDe","b":"SD","z":"718000"},{"i":"610827","n":"米脂县","a":"米脂","y":"MiZhi","b":"MZ","z":"718100"},{"i":"610828","n":"佳县","a":"佳县","y":"JiaXian","b":"JX","z":"719200"},{"i":"610829","n":"吴堡县","a":"吴堡","y":"WuBao","b":"WB","z":"718200"},{"i":"610830","n":"清涧县","a":"清涧","y":"QingJian","b":"QJ","z":"718300"},{"i":"610831","n":"子洲县","a":"子洲","y":"ZiZhou","b":"ZZ","z":"718400"}]},{"i":"610900","n":"安康市","a":"安康","y":"AnKang","b":"AK","z":"725000","c":[{"i":"610902","n":"汉滨区","a":"汉滨区","y":"HanBinQu","b":"HBQ","z":"725000"},{"i":"610921","n":"汉阴县","a":"汉阴","y":"HanYin","b":"HY","z":"725100"},{"i":"610922","n":"石泉县","a":"石泉","y":"ShiQuan","b":"SQ","z":"725200"},{"i":"610923","n":"宁陕县","a":"宁陕","y":"NingShan","b":"NS","z":"711600"},{"i":"610924","n":"紫阳县","a":"紫阳","y":"ZiYang","b":"ZY","z":"725300"},{"i":"610925","n":"岚皋县","a":"岚皋","y":"LanGao","b":"LG","z":"725400"},{"i":"610926","n":"平利县","a":"平利","y":"PingLi","b":"PL","z":"725500"},{"i":"610927","n":"镇坪县","a":"镇坪","y":"ZhenPing","b":"ZP","z":"725600"},{"i":"610928","n":"旬阳县","a":"旬阳","y":"XunYang","b":"XY","z":"725700"},{"i":"610929","n":"白河县","a":"白河","y":"BaiHe","b":"BH","z":"725800"}]},{"i":"611000","n":"商洛市","a":"商洛","y":"ShangLuo","b":"SL","z":"726000","c":[{"i":"611002","n":"商州区","a":"商州区","y":"ShangZhouQu","b":"SZQ","z":"726000"},{"i":"611021","n":"洛南县","a":"洛南","y":"LuoNan","b":"LN","z":"726100"},{"i":"611022","n":"丹凤县","a":"丹凤","y":"DanFeng","b":"DF","z":"726200"},{"i":"611023","n":"商南县","a":"商南","y":"ShangNan","b":"SN","z":"726300"},{"i":"611024","n":"山阳县","a":"山阳","y":"ShanYang","b":"SY","z":"726400"},{"i":"611025","n":"镇安县","a":"镇安","y":"ZhenAn","b":"ZA","z":"711500"},{"i":"611026","n":"柞水县","a":"柞水","y":"ZhaShui","b":"ZS","z":"711400"}]}]