[{"i":"620100","n":"兰州市","a":"兰州","y":"LanZhou","b":"LZ","z":"730000","c":[{"i":"620102","n":"城关区","a":"城关区","y":"ChengGuanQu","b":"CGQ","z":"730030"},{"i":"620103","n":"七里河区","a":"七里河区","y":"QiLiHeQu","b":"QLHQ","z":"730050"},{"i":"620104","n":"西固区","a":"西固区","y":"XiGuQu","b":"XGQ","z":"730060"},{"i":"620105","n":"安宁区","a":"安宁区","y":"AnNingQu","b":"ANQ","z":"730070"},{"i":"620111","n":"红古区","a":"红古区","y":"HongGuQu","b":"HGQ","z":"730080"},{"i":"620121","n":"永登县","a":"永登","y":"YongDeng","b":"YD","z":"730300"},{"i":"620122","n":"皋兰县","a":"皋兰","y":"GaoLan","b":"GL","z":"730200"},{"i":"620123","n":"榆中县","a":"榆中","y":"YuZhong","b":"YZ","z":"730100"}]},{"i":"620200","n":"嘉峪关市","a":"嘉峪关","y":"JiaYuGuan","b":"JYG","z":"735100"},{"i":"620300","n":"金昌市","a":"金昌","y":"JinChang","b":"JC","z":"737100","c":[{"i":"620302","n":"金川区","a":"金川区","y":"JinChuanQu","b":"JCQ","z":"737103"},{"i":"620321","n":"永昌县","a":"永昌","y":"YongChang","b":"YC","z":"737200"}]},{"i":"620400","n":"白银市","a":"白银","y":"BaiYin","b":"BY","z":"730900","c":[{"i":"620402","n":"白银区","a":"白银区","y":"BaiYinQu","b":"BYQ","z":"730900"},{"i":"620403","n":"平川区","a":"平川区","y":"PingChuanQu","b":"PCQ","z":"730910"},{"i":"620421","n":"靖远县","a":"靖远","y":"JingYuan","b":"JY","z":"730600"},{"i":"620422","n":"会宁县","a":"会宁","y":"HuiNing","b":"HN","z":"730700"},{"i":"620423","n":"景泰县","a":"景泰","y":"JingTai","b":"JT","z":"730400"}]},{"i":"620500","n":"天水市","a":"天水","y":"TianShui","b":"TS","z":"741000","c":[{"i":"620502","n":"秦州区","a":"秦州区","y":"QinZhouQu","b":"QZQ","z":"741000"},{"i":"620503","n":"麦积区","a":"麦积区","y":"MaiJiQu","b":"MJQ","z":"741020"},{"i":"620521","n":"清水县","a":"清水","y":"QingShui","b":"QS","z":"741400"},{"i":"620522","n":"秦安县","a":"秦安","y":"QinAn","b":"QA","z":"741600"},{"i":"620523","n":"甘谷县","a":"甘谷","y":"GanGu","b":"GG","z":"741200"},{"i":"620524","n":"武山县","a":"武山","y":"WuShan","b":"WS","z":"741300"},{"i":"620525","n":"张家川回族自治县","a":"张家川回族","y":"ZhangJiaChuanHuiZu","b":"ZJCHZ","z":"741500"}]},{"i":"620600","n":"武威市","a":"武威","y":"WuWei","b":"WW","z":"733000","c":[{"i":"620602","n":"凉州区","a":"凉州区","y":"LiangZhouQu","b":"LZQ","z":"733000"},{"i":"620621","n":"民勤县","a":"民勤","y":"MinQin","b":"MQ","z":"733300"},{"i":"620622","n":"古浪县","a":"古浪","y":"GuLang","b":"GL","z":"733100"},{"i":"620623","n":"天祝藏族自治县","a":"天祝藏族","y":"TianZhuCangZu","b":"TZCZ","z":"733200"}]},{"i":"620700","n":"张掖市","a":"张掖","y":"ZhangYe","b":"ZY","z":"734000","c":[{"i":"620702","n":"甘州区","a":"甘州区","y":"GanZhouQu","b":"GZQ","z":"734000"},{"i":"620721","n":"肃南裕固族自治县","a":"肃南裕固族","y":"SuNanYuGuZu","b":"SNYGZ","z":"734400"},{"i":"620722","n":"民乐县","a":"民乐","y":"MinLe","b":"ML","z":"734500"},{"i":"620723","n":"临泽县","a":"临泽","y":"LinZe","b":"LZ","z":"734200"},{"i":"620724","n":"高台县","a":"高台","y":"GaoTai","b":"GT","z":"734300"},{"i":"620725","n":"山丹县","a":"山丹","y":"ShanDan","b":"SD","z":"734100"}]},{"i":"620800","n":"平凉市","a":"平凉","y":"PingLiang","b":"PL","z":"744000","c":[{"i":"620802","n":"崆峒区","a":"崆峒区","y":"KongDongQu","b":"KDQ","z":"744000"},{"i":"620821","n":"泾川县","a":"泾川","y":"JingChuan","b":"JC","z":"744300"},{"i":"620822","n":"灵台县","a":"灵台","y":"LingTai","b":"LT","z":"744400"},{"i":"620823","n":"崇信县","a":"崇信","y":"ChongXin","b":"CX","z":"744200"},{"i":"620824","n":"华亭县","a":"华亭","y":"HuaTing","b":"HT","z":"744100"},{"i":"620825","n":"庄浪县","a":"庄浪","y":"ZhuangLang","b":"ZL","z":"744600"},{"i":"620826","n":"静宁县","a":"静宁","y":"JingNing","b":"JN","z":"743400"}]},{"i":"620900","n":"酒泉市","a":"酒泉","y":"JiuQuan","b":"JQ","z":"735000","c":[{"i":"620902","n":"肃州区","a":"肃州区","y":"SuZhouQu","b":"SZQ","z":"735000"},{"i":"620921","n":"金塔县","a":"金塔","y":"JinTa","b":"JT","z":"735300"},{"i":"620922","n":"瓜州县","a":"瓜州","y":"GuaZhou","b":"GZ","z":"743000"},{"i":"620923","n":"肃北蒙古族自治县","a":"肃北蒙古族","y":"SuBeiMengGuZu","b":"SBMGZ","z":"736300"},{"i":"620924","n":"阿克塞哈萨克族自治县","a":"阿克塞哈萨克族","y":"AKeSaiHaSaKeZu","b":"AKSHSKZ","z":"736400"},{"i":"620981","n":"玉门市","a":"玉门","y":"YuMen","b":"YM","z":"735200"},{"i":"620982","n":"敦煌市","a":"敦煌","y":"DunHuang","b":"DH","z":"736200"}]},{"i":"621000","n":"庆阳市","a":"庆阳","y":"QingYang","b":"QY","z":"745000","c":[{"i":"621002","n":"西峰区","a":"西峰区","y":"XiFengQu","b":"XFQ","z":"745000"},{"i":"621021","n":"庆城县","a":"庆城","y":"QingCheng","b":"QC","z":"745100"},{"i":"621022","n":"环县","a":"环县","y":"HuanXian","b":"HX","z":"745700"},{"i":"621023","n":"华池县","a":"华池","y":"HuaChi","b":"HC","z":"745600"},{"i":"621024","n":"合水县","a":"合水","y":"HeShui","b":"HS","z":"745400"},{"i":"621025","n":"正宁县","a":"正宁","y":"ZhengNing","b":"ZN","z":"745300"},{"i":"621026","n":"宁县","a":"宁县","y":"NingXian","b":"NX","z":"745200"},{"i":"621027","n":"镇原县","a":"镇原","y":"ZhenYuan","b":"ZY","z":"744500"}]},{"i":"621100","n":"定西市","a":"定西","y":"DingXi","b":"DX","z":"743000","c":[{"i":"621102","n":"安定区","a":"安定区","y":"AnDingQu","b":"ADQ","z":"743000"},{"i":"621121","n":"通渭县","a":"通渭","y":"TongWei","b":"TW","z":"743300"},{"i":"621122","n":"陇西县","a":"陇西","y":"LongXi","b":"LX","z":"748100"},{"i":"621123","n":"渭源县","a":"渭源","y":"WeiYuan","b":"WY","z":"748200"},{"i":"621124","n":"临洮县","a":"临洮","y":"LinTao","b":"LT","z":"730500"},{"i":"621125","n":"漳县","a":"漳县","y":"ZhangXian","b":"ZX","z":"748300"},{"i":"621126","n":"岷县","a":"岷县","y":"MinXian","b":"MX","z":"748400"}]},{"i":"621200","n":"陇南市","a":"陇南","y":"LongNan","b":"LN","z":"746000","c":[{"i":"621202","n":"武都区","a":"武都区","y":"WuDouQu","b":"WDQ","z":"746000"},{"i":"621221","n":"成县","a":"成县","y":"ChengXian","b":"CX","z":"742500"},{"i":"621222","n":"文县","a":"文县","y":"WenXian","b":"WX","z":"746400"},{"i":"621223","n":"宕昌县","a":"宕昌","y":"DangChang","b":"DC","z":"748500"},{"i":"621224","n":"康县","a":"康县","y":"KangXian","b":"KX","z":"746500"},{"i":"621225","n":"西和县","a":"西和","y":"XiHe","b":"XH","z":"742100"},{"i":"621226","n":"礼县","a":"礼县","y":"LiXian","b":"LX","z":"742200"},{"i":"621227","n":"徽县","a":"徽县","y":"HuiXian","b":"HX","z":"742300"},{"i":"621228","n":"两当县","a":"两当","y":"LiangDang","b":"LD","z":"742400"}]},{"i":"622900","n":"临夏回族自治州","a":"临夏回族","y":"LinXiaHuiZu","b":"LXHZ","z":"731100","c":[{"i":"622901","n":"临夏市","a":"临夏","y":"LinXia","b":"LX","z":"731100"},{"i":"622921","n":"临夏县","a":"临夏","y":"LinXia","b":"LX","z":"731800"},{"i":"622922","n":"康乐县","a":"康乐","y":"KangLe","b":"KL","z":"731500"},{"i":"622923","n":"永靖县","a":"永靖","y":"YongJing","b":"YJ","z":"731600"},{"i":"622924","n":"广河县","a":"广河","y":"GuangHe","b":"GH","z":"731300"},{"i":"622925","n":"和政县","a":"和政","y":"HeZheng","b":"HZ","z":"731200"},{"i":"622926","n":"东乡族自治县","a":"东乡族","y":"DongXiangZu","b":"DXZ","z":"731400"},{"i":"622927","n":"积石山保安族东乡族撒拉族自治县","a":"积石山保安族东乡族撒拉族","y":"JiShiShanBaoAnZuDongXiangZuSaLaZu","b":"JSSBAZDXZSLZ","z":"731700"}]},{"i":"623000","n":"甘南藏族自治州","a":"甘南藏族","y":"GanNanCangZu","b":"GNCZ","z":"747000","c":[{"i":"623001","n":"合作市","a":"合作","y":"HeZuo","b":"HZ","z":"747000"},{"i":"623021","n":"临潭县","a":"临潭","y":"LinTan","b":"LT","z":"747500"},{"i":"623022","n":"卓尼县","a":"卓尼","y":"ZhuoNi","b":"ZN","z":"747600"},{"i":"623023","n":"舟曲县","a":"舟曲","y":"ZhouQu","b":"ZQ","z":"746300"},{"i":"623024","n":"迭部县","a":"迭部","y":"DieBu","b":"DB","z":"747400"},{"i":"623025","n":"玛曲县","a":"玛曲","y":"MaQu","b":"MQ","z":"747300"},{"i":"623026","n":"碌曲县","a":"碌曲","y":"LuQu","b":"LQ","z":"747200"},{"i":"623027","n":"夏河县","a":"夏河","y":"XiaHe","b":"XH","z":"747100"}]}]