[{"i":"630100","n":"西宁市","a":"西宁","y":"XiNing","b":"XN","z":"810000","c":[{"i":"630102","n":"城东区","a":"城东区","y":"ChengDongQu","b":"CDQ","z":"810000"},{"i":"630103","n":"城中区","a":"城中区","y":"ChengZhongQu","b":"CZQ","z":"810000"},{"i":"630104","n":"城西区","a":"城西区","y":"ChengXiQu","b":"CXQ","z":"810001"},{"i":"630105","n":"城北区","a":"城北区","y":"ChengBeiQu","b":"CBQ","z":"810001"},{"i":"630121","n":"大通回族土族自治县","a":"大通回族土族","y":"DaTongHuiZuTuZu","b":"DTHZTZ","z":"810100"},{"i":"630122","n":"湟中县","a":"湟中","y":"HuangZhong","b":"HZ","z":"811600"},{"i":"630123","n":"湟源县","a":"湟源","y":"HuangYuan","b":"HY","z":"812100"}]},{"i":"630200","n":"海东市","a":"海东市","y":"HaiDongShi","b":"HDS","z":"810600","c":[{"i":"630202","n":"乐都区","a":"乐都区","y":"LeDuQu","b":"LDQ","z":"810700"},{"i":"630221","n":"平安县","a":"平安县","y":"PingAnXian","b":"PAX","z":"810600"},{"i":"630222","n":"民和回族土族自治县","a":"民和县","y":"MinHeXian","b":"MHX","z":"810800"},{"i":"630223","n":"互助土族自治县","a":"互助县","y":"HuZhuXian","b":"HZX","z":"810500"},{"i":"630224","n":"化隆回族自治县","a":"化隆县","y":"HuaLongXian","b":"HLX","z":"810900"},{"i":"630225","n":"循化撒拉族自治县","a":"循化县","y":"XunHuaXian","b":"XHX","z":"811100"}]},{"i":"632200","n":"海北藏族自治州","a":"海北藏族","y":"HaiBeiCangZu","b":"HBCZ","z":"810300","c":[{"i":"632221","n":"门源回族自治县","a":"门源回族","y":"MenYuanHuiZu","b":"MYHZ","z":"810300"},{"i":"632222","n":"祁连县","a":"祁连","y":"QiLian","b":"QL","z":"810400"},{"i":"632223","n":"海晏县","a":"海晏","y":"HaiYan","b":"HY","z":"812200"},{"i":"632224","n":"刚察县","a":"刚察","y":"GangCha","b":"GC","z":"812300"}]},{"i":"632300","n":"黄南藏族自治州","a":"黄南藏族","y":"HuangNanCangZu","b":"HNCZ","z":"811300","c":[{"i":"632321","n":"同仁县","a":"同仁","y":"TongRen","b":"TR","z":"811300"},{"i":"632322","n":"尖扎县","a":"尖扎","y":"JianZha","b":"JZ","z":"811200"},{"i":"632323","n":"泽库县","a":"泽库","y":"ZeKu","b":"ZK","z":"811400"},{"i":"632324","n":"河南蒙古族自治县","a":"河南蒙古族","y":"HeNanMengGuZu","b":"HNMGZ","z":"811500"}]},{"i":"632500","n":"海南藏族自治州","a":"海南藏族","y":"HaiNanCangZu","b":"HNCZ","z":"813000","c":[{"i":"632521","n":"共和县","a":"共和","y":"GongHe","b":"GH","z":"813000"},{"i":"632522","n":"同德县","a":"同德","y":"TongDe","b":"TD","z":"813200"},{"i":"632523","n":"贵德县","a":"贵德","y":"GuiDe","b":"GD","z":"811700"},{"i":"632524","n":"兴海县","a":"兴海","y":"XingHai","b":"XH","z":"813300"},{"i":"632525","n":"贵南县","a":"贵南","y":"GuiNan","b":"GN","z":"813100"}]},{"i":"632600","n":"果洛藏族自治州","a":"果洛藏族","y":"GuoLuoCangZu","b":"GLCZ","z":"814000","c":[{"i":"632621","n":"玛沁县","a":"玛沁","y":"MaQin","b":"MQ","z":"814000"},{"i":"632622","n":"班玛县","a":"班玛","y":"BanMa","b":"BM","z":"814300"},{"i":"632623","n":"甘德县","a":"甘德","y":"GanDe","b":"GD","z":"814100"},{"i":"632624","n":"达日县","a":"达日","y":"DaRi","b":"DR","z":"814200"},{"i":"632625","n":"久治县","a":"久治","y":"JiuZhi","b":"JZ","z":"624700"},{"i":"632626","n":"玛多县","a":"玛多","y":"MaDuo","b":"MD","z":"813500"}]},{"i":"632700","n":"玉树藏族自治州","a":"玉树藏族","y":"YuShuCangZu","b":"YSCZ","z":"815000","c":[{"i":"632701","n":"玉树市","a":"玉树市","y":"YuShuShi","b":"YSS","z":"815000"},{"i":"632722","n":"杂多县","a":"杂多","y":"ZaDuo","b":"ZD","z":"815300"},{"i":"632723","n":"称多县","a":"称多","y":"ChengDuo","b":"CD","z":"815100"},{"i":"632724","n":"治多县","a":"治多","y":"ZhiDuo","b":"ZD","z":"815400"},{"i":"632725","n":"囊谦县","a":"囊谦","y":"NangQian","b":"NQ","z":"815200"},{"i":"632726","n":"曲麻莱县","a":"曲麻莱","y":"QuMaLai","b":"QML","z":"815500"}]},{"i":"632800","n":"海西蒙古族藏族自治州","a":"海西蒙古族藏族","y":"HaiXiMengGuZuCangZu","b":"HXMGZCZ","z":"816000","c":[{"i":"632801","n":"格尔木市","a":"格尔木","y":"GeErMu","b":"GEM","z":"816000"},{"i":"632802","n":"德令哈市","a":"德令哈","y":"DeLingHa","b":"DLH","z":"817000"},{"i":"632821","n":"乌兰县","a":"乌兰","y":"WuLan","b":"WL","z":"817100"},{"i":"632822","n":"都兰县","a":"都兰","y":"DouLan","b":"DL","z":"816100"},{"i":"632823","n":"天峻县","a":"天峻","y":"TianJun","b":"TJ","z":"817200"}]}]