[{"i":"640100","n":"银川市","a":"银川","y":"YinChuan","b":"YC","z":"750000","c":[{"i":"640104","n":"兴庆区","a":"兴庆区","y":"XingQingQu","b":"XQQ","z":"750001"},{"i":"640105","n":"西夏区","a":"西夏区","y":"XiXiaQu","b":"XXQ","z":"750027"},{"i":"640106","n":"金凤区","a":"金凤区","y":"JinFengQu","b":"JFQ","z":"750011"},{"i":"640121","n":"永宁县","a":"永宁","y":"YongNing","b":"YN","z":"750100"},{"i":"640122","n":"贺兰县","a":"贺兰","y":"HeLan","b":"HL","z":"750200"},{"i":"640181","n":"灵武市","a":"灵武","y":"LingWu","b":"LW","z":"751400"}]},{"i":"640200","n":"石嘴山市","a":"石嘴山","y":"ShiZuiShan","b":"SZS","z":"753000","c":[{"i":"640202","n":"大武口区","a":"大武口区","y":"DaWuKouQu","b":"DWKQ","z":"753000"},{"i":"640205","n":"惠农区","a":"惠农区","y":"HuiNongQu","b":"HNQ","z":"753200"},{"i":"640221","n":"平罗县","a":"平罗","y":"PingLuo","b":"PL","z":"753400"}]},{"i":"640300","n":"吴忠市","a":"吴忠","y":"WuZhong","b":"WZ","z":"751100","c":[{"i":"640302","n":"利通区","a":"利通区","y":"LiTongQu","b":"LTQ","z":"751100"},{"i":"640303","n":"红寺堡区","a":"红寺堡区","y":"HongSiBaoQu","b":"HSBQ","z":"751900"},{"i":"640323","n":"盐池县","a":"盐池","y":"YanChi","b":"YC","z":"751500"},{"i":"640324","n":"同心县","a":"同心","y":"TongXin","b":"TX","z":"751300"},{"i":"640381","n":"青铜峡市","a":"青铜峡","y":"QingTongXia","b":"QTX","z":"751600"}]},{"i":"640400","n":"固原市","a":"固原","y":"GuYuan","b":"GY","z":"756000","c":[{"i":"640402","n":"原州区","a":"原州区","y":"YuanZhouQu","b":"YZQ","z":"756000"},{"i":"640422","n":"西吉县","a":"西吉","y":"XiJi","b":"XJ","z":"756200"},{"i":"640423","n":"隆德县","a":"隆德","y":"LongDe","b":"LD","z":"756300"},{"i":"640424","n":"泾源县","a":"泾源","y":"JingYuan","b":"JY","z":"756400"},{"i":"640425","n":"彭阳县","a":"彭阳","y":"PengYang","b":"PY","z":"756500"}]},{"i":"640500","n":"中卫市","a":"中卫","y":"ZhongWei","b":"ZW","z":"755000","c":[{"i":"640502","n":"沙坡头区","a":"沙坡头区","y":"ShaPoTouQu","b":"SPTQ","z":"751700"},{"i":"640521","n":"中宁县","a":"中宁","y":"ZhongNing","b":"ZN","z":"751200"},{"i":"640522","n":"海原县","a":"海原","y":"HaiYuan","b":"HY","z":"756100"}]}]