[{"i":"650100","n":"乌鲁木齐市","a":"乌鲁木齐","y":"WuLuMuQi","b":"WLMQ","z":"830000","c":[{"i":"650102","n":"天山区","a":"天山区","y":"TianShanQu","b":"TSQ","z":"830002"},{"i":"650103","n":"沙依巴克区","a":"沙依巴克区","y":"ShaYiBaKeQu","b":"SYBKQ","z":"830000"},{"i":"650104","n":"新市区","a":"新市区","y":"XinShiQu","b":"XSQ","z":"830011"},{"i":"650105","n":"水磨沟区","a":"水磨沟区","y":"ShuiMoGouQu","b":"SMGQ","z":"830017"},{"i":"650106","n":"头屯河区","a":"头屯河区","y":"TouTunHeQu","b":"TTHQ","z":"830023"},{"i":"650107","n":"达坂城区","a":"达坂城区","y":"DaBanChengQu","b":"DBCQ","z":"830039"},{"i":"650109","n":"米东区","a":"米东区","y":"MiDongQu","b":"MDQ","z":"831400"},{"i":"650121","n":"乌鲁木齐县","a":"乌鲁木齐","y":"WuLuMuQi","b":"WLMQ","z":"830063"}]},{"i":"650200","n":"克拉玛依市","a":"克拉玛依","y":"KeLaMaYi","b":"KLMY","z":"834000","c":[{"i":"650202","n":"独山子区","a":"独山子区","y":"DuShanZiQu","b":"DSZQ","z":"838600"},{"i":"650203","n":"克拉玛依区","a":"克拉玛依区","y":"KeLaMaYiQu","b":"KLMYQ","z":"834000"},{"i":"650204","n":"白碱滩区","a":"白碱滩区","y":"BaiJianTanQu","b":"BJTQ","z":"834009"},{"i":"650205","n":"乌尔禾区","a":"乌尔禾区","y":"WuErHeQu","b":"WEHQ","z":"834014"}]},{"i":"652100","n":"吐鲁番地区","a":"吐鲁番地区","y":"TuLuFanDeQu","b":"TLFDQ","z":"838000","c":[{"i":"652101","n":"吐鲁番市","a":"吐鲁番","y":"TuLuFan","b":"TLF","z":"838000"},{"i":"652122","n":"鄯善县","a":"鄯善","y":"ShanShan","b":"SS","z":"838200"},{"i":"652123","n":"托克逊县","a":"托克逊","y":"TuoKeXun","b":"TKX","z":"838100"}]},{"i":"652200","n":"哈密地区","a":"哈密地区","y":"HaMiDeQu","b":"HMDQ","z":"839000","c":[{"i":"652201","n":"哈密市","a":"哈密","y":"HaMi","b":"HM","z":"839000"},{"i":"652222","n":"巴里坤哈萨克自治县","a":"巴里坤哈萨克","y":"BaLiKunHaSaKe","b":"BLKHSK","z":"839200"},{"i":"652223","n":"伊吾县","a":"伊吾","y":"YiWu","b":"YW","z":"839300"}]},{"i":"652300","n":"昌吉回族自治州","a":"昌吉回族","y":"ChangJiHuiZu","b":"CJHZ","z":"831100","c":[{"i":"652301","n":"昌吉市","a":"昌吉","y":"ChangJi","b":"CJ","z":"831100"},{"i":"652302","n":"阜康市","a":"阜康","y":"FuKang","b":"FK","z":"831500"},{"i":"652323","n":"呼图壁县","a":"呼图壁","y":"HuTuBi","b":"HTB","z":"831200"},{"i":"652324","n":"玛纳斯县","a":"玛纳斯","y":"MaNaSi","b":"MNS","z":"832200"},{"i":"652325","n":"奇台县","a":"奇台","y":"QiTai","b":"QT","z":"831800"},{"i":"652327","n":"吉木萨尔县","a":"吉木萨尔","y":"JiMuSaEr","b":"JMSE","z":"831700"},{"i":"652328","n":"木垒哈萨克自治县","a":"木垒哈萨克","y":"MuLeiHaSaKe","b":"MLHSK","z":"831900"}]},{"i":"652700","n":"博尔塔拉蒙古自治州","a":"博尔塔拉蒙古","y":"BoErTaLaMengGu","b":"BETLMG","z":"833400","c":[{"i":"652701","n":"博乐市","a":"博乐","y":"BoLe","b":"BL","z":"833400"},{"i":"652702","n":"阿拉山口市","a":"阿拉山口市","y":"ALaShanKouShi","b":"ALSKS","z":"833418"},{"i":"652722","n":"精河县","a":"精河","y":"JingHe","b":"JH","z":"833300"},{"i":"652723","n":"温泉县","a":"温泉","y":"WenQuan","b":"WQ","z":"833500"}]},{"i":"652800","n":"巴音郭楞蒙古自治州","a":"巴音郭楞蒙古","y":"BaYinGuoLengMengGu","b":"BYGLMG","z":"841000","c":[{"i":"652801","n":"库尔勒市","a":"库尔勒","y":"KuErLei","b":"KEL","z":"841000"},{"i":"652822","n":"轮台县","a":"轮台","y":"LunTai","b":"LT","z":"841600"},{"i":"652823","n":"尉犁县","a":"尉犁","y":"WeiLi","b":"WL","z":"841500"},{"i":"652824","n":"若羌县","a":"若羌","y":"RuoQiang","b":"RQ","z":"841800"},{"i":"652825","n":"且末县","a":"且末","y":"QieMo","b":"QM","z":"841900"},{"i":"652826","n":"焉耆回族自治县","a":"焉耆回族","y":"YanQiHuiZu","b":"YQHZ","z":"841100"},{"i":"652827","n":"和静县","a":"和静","y":"HeJing","b":"HJ","z":"841300"},{"i":"652828","n":"和硕县","a":"和硕","y":"HeShuo","b":"HS","z":"841200"},{"i":"652829","n":"博湖县","a":"博湖","y":"BoHu","b":"BH","z":"841400"}]},{"i":"652900","n":"阿克苏地区","a":"阿克苏地区","y":"AKeSuDeQu","b":"AKSDQ","z":"843000","c":[{"i":"652901","n":"阿克苏市","a":"阿克苏","y":"AKeSu","b":"AKS","z":"843000"},{"i":"652922","n":"温宿县","a":"温宿","y":"WenSu","b":"WS","z":"843100"},{"i":"652923","n":"库车县","a":"库车","y":"KuChe","b":"KC","z":"842000"},{"i":"652924","n":"沙雅县","a":"沙雅","y":"ShaYa","b":"SY","z":"842200"},{"i":"652925","n":"新和县","a":"新和","y":"XinHe","b":"XH","z":"842100"},{"i":"652926","n":"拜城县","a":"拜城","y":"BaiCheng","b":"BC","z":"842300"},{"i":"652927","n":"乌什县","a":"乌什","y":"WuShen","b":"WS","z":"843400"},{"i":"652928","n":"阿瓦提县","a":"阿瓦提","y":"AWaTi","b":"AWT","z":"843200"},{"i":"652929","n":"柯坪县","a":"柯坪","y":"KePing","b":"KP","z":"843600"}]},{"i":"653000","n":"克孜勒苏柯尔克孜自治州","a":"克孜勒苏柯尔克孜","y":"KeZiLeiSuKeErKeZi","b":"KZLSKEKZ","z":"845350","c":[{"i":"653001","n":"阿图什市","a":"阿图什","y":"ATuShen","b":"ATS","z":"845350"},{"i":"653022","n":"阿克陶县","a":"阿克陶","y":"AKeTao","b":"AKT","z":"845550"},{"i":"653023","n":"阿合奇县","a":"阿合奇","y":"AHeQi","b":"AHQ","z":"843500"},{"i":"653024","n":"乌恰县","a":"乌恰","y":"WuQia","b":"WQ","z":"845450"}]},{"i":"653100","n":"喀什地区","a":"喀什地区","y":"KaShenDeQu","b":"KSDQ","z":"844000","c":[{"i":"653101","n":"喀什市","a":"喀什","y":"KaShen","b":"KS","z":"844000"},{"i":"653121","n":"疏附县","a":"疏附","y":"ShuFu","b":"SF","z":"844100"},{"i":"653122","n":"疏勒县","a":"疏勒","y":"ShuLei","b":"SL","z":"844200"},{"i":"653123","n":"英吉沙县","a":"英吉沙","y":"YingJiSha","b":"YJS","z":"844500"},{"i":"653124","n":"泽普县","a":"泽普","y":"ZePu","b":"ZP","z":"844800"},{"i":"653125","n":"莎车县","a":"莎车","y":"ShaChe","b":"SC","z":"844700"},{"i":"653126","n":"叶城县","a":"叶城","y":"YeCheng","b":"YC","z":"844900"},{"i":"653127","n":"麦盖提县","a":"麦盖提","y":"MaiGaiTi","b":"MGT","z":"844600"},{"i":"653128","n":"岳普湖县","a":"岳普湖","y":"YuePuHu","b":"YPH","z":"844400"},{"i":"653129","n":"伽师县","a":"伽师","y":"JiaShi","b":"JS","z":"844300"},{"i":"653130","n":"巴楚县","a":"巴楚","y":"BaChu","b":"BC","z":"843800"},{"i":"653131","n":"塔什库尔干塔吉克自治县","a":"塔什库尔干塔吉克","y":"TaShenKuErGanTaJiKe","b":"TSKEGTJK","z":"845250"}]},{"i":"653200","n":"和田地区","a":"和田地区","y":"HeTianDeQu","b":"HTDQ","z":"848000","c":[{"i":"653201","n":"和田市","a":"和田","y":"HeTian","b":"HT","z":"848000"},{"i":"653221","n":"和田县","a":"和田","y":"HeTian","b":"HT","z":"848000"},{"i":"653222","n":"墨玉县","a":"墨玉","y":"MoYu","b":"MY","z":"848100"},{"i":"653223","n":"皮山县","a":"皮山","y":"PiShan","b":"PS","z":"845150"},{"i":"653224","n":"洛浦县","a":"洛浦","y":"LuoPu","b":"LP","z":"848200"},{"i":"653225","n":"策勒县","a":"策勒","y":"CeLei","b":"CL","z":"848300"},{"i":"653226","n":"于田县","a":"于田","y":"YuTian","b":"YT","z":"848400"},{"i":"653227","n":"民丰县","a":"民丰","y":"MinFeng","b":"MF","z":"848500"}]},{"i":"654000","n":"伊犁哈萨克自治州","a":"伊犁哈萨克","y":"YiLiHaSaKe","b":"YLHSK","z":"835000","c":[{"i":"654002","n":"伊宁市","a":"伊宁","y":"YiNing","b":"YN","z":"835000"},{"i":"654003","n":"奎屯市","a":"奎屯","y":"KuiTun","b":"KT","z":"833200"},{"i":"654021","n":"伊宁县","a":"伊宁","y":"YiNing","b":"YN","z":"835100"},{"i":"654022","n":"察布查尔锡伯自治县","a":"察布查尔锡伯","y":"ChaBuChaErXiBo","b":"CBCEXB","z":"835300"},{"i":"654023","n":"霍城县","a":"霍城","y":"HuoCheng","b":"HC","z":"835200"},{"i":"654024","n":"巩留县","a":"巩留","y":"GongLiu","b":"GL","z":"835400"},{"i":"654025","n":"新源县","a":"新源","y":"XinYuan","b":"XY","z":"835800"},{"i":"654026","n":"昭苏县","a":"昭苏","y":"ZhaoSu","b":"ZS","z":"835600"},{"i":"654027","n":"特克斯县","a":"特克斯","y":"TeKeSi","b":"TKS","z":"835500"},{"i":"654028","n":"尼勒克县","a":"尼勒克","y":"NiLeiKe","b":"NLK","z":"835700"}]},{"i":"654200","n":"塔城地区","a":"塔城地区","y":"TaChengDeQu","b":"TCDQ","z":"834700","c":[{"i":"654201","n":"塔城市","a":"塔城","y":"TaCheng","b":"TC","z":"834700"},{"i":"654202","n":"乌苏市","a":"乌苏","y":"WuSu","b":"WS","z":"833000"},{"i":"654221","n":"额敏县","a":"额敏","y":"EMin","b":"EM","z":"834600"},{"i":"654223","n":"沙湾县","a":"沙湾","y":"ShaWan","b":"SW","z":"832100"},{"i":"654224","n":"托里县","a":"托里","y":"TuoLi","b":"TL","z":"834500"},{"i":"654225","n":"裕民县","a":"裕民","y":"YuMin","b":"YM","z":"834800"},{"i":"654226","n":"和布克赛尔蒙古自治县","a":"和布克赛尔蒙古","y":"HeBuKeSaiErMengGu","b":"HBKSEMG","z":"834400"}]},{"i":"654300","n":"阿勒泰地区","a":"阿勒泰地区","y":"ALeiTaiDeQu","b":"ALTDQ","z":"836500","c":[{"i":"654301","n":"阿勒泰市","a":"阿勒泰","y":"ALeiTai","b":"ALT","z":"836500"},{"i":"654321","n":"布尔津县","a":"布尔津","y":"BuErJin","b":"BEJ","z":"836600"},{"i":"654322","n":"富蕴县","a":"富蕴","y":"FuYun","b":"FY","z":"836100"},{"i":"654323","n":"福海县","a":"福海","y":"FuHai","b":"FH","z":"836400"},{"i":"654324","n":"哈巴河县","a":"哈巴河","y":"HaBaHe","b":"HBH","z":"836700"},{"i":"654325","n":"青河县","a":"青河","y":"QingHe","b":"QH","z":"836200"},{"i":"654326","n":"吉木乃县","a":"吉木乃","y":"JiMuNai","b":"JMN","z":"836800"}]},{"i":"659001","n":"石河子市","a":"石河子","y":"ShiHeZi","b":"SHZ","z":"832000"},{"i":"659002","n":"阿拉尔市","a":"阿拉尔","y":"ALaEr","b":"ALE","z":"843300"},{"i":"659003","n":"图木舒克市","a":"图木舒克","y":"TuMuShuKe","b":"TMSK","z":"843806"},{"i":"659004","n":"五家渠市","a":"五家渠","y":"WuJiaQu","b":"WJQ","z":"831300"}]