[{"i":"710100","n":"台北市","a":"台北","y":"TaiBei","b":"TB","z":"","c":[{"i":"710101","n":"中正区","a":"中正区","y":"ZhongZhengQu","b":"ZZQ","z":""},{"i":"710102","n":"大同区","a":"大同区","y":"DaTongQu","b":"DTQ","z":""},{"i":"710103","n":"中山区","a":"中山区","y":"ZhongShanQu","b":"ZSQ","z":""},{"i":"710104","n":"松山区","a":"松山区","y":"SongShanQu","b":"SSQ","z":""},{"i":"710105","n":"大安区","a":"大安区","y":"DaAnQu","b":"DAQ","z":""},{"i":"710106","n":"万华区","a":"万华区","y":"WanHuaQu","b":"WHQ","z":""},{"i":"710107","n":"信义区","a":"信义区","y":"XinYiQu","b":"XYQ","z":""},{"i":"710108","n":"士林区","a":"士林区","y":"ShiLinQu","b":"SLQ","z":""},{"i":"710109","n":"北投区","a":"北投区","y":"BeiTouQu","b":"BTQ","z":""},{"i":"710110","n":"内湖区","a":"内湖区","y":"NeiHuQu","b":"NHQ","z":""},{"i":"710111","n":"南港区","a":"南港区","y":"NanGangQu","b":"NGQ","z":""},{"i":"710112","n":"文山区","a":"文山区","y":"WenShanQu","b":"WSQ","z":""}]},{"i":"710200","n":"高雄市","a":"高雄","y":"GaoXiong","b":"GX","z":"","c":[{"i":"710201","n":"新兴区","a":"新兴区","y":"XinXingQu","b":"XXQ","z":""},{"i":"710202","n":"前金区","a":"前金区","y":"QianJinQu","b":"QJQ","z":""},{"i":"710203","n":"芩雅区","a":"芩雅区","y":"QinYaQu","b":"QYQ","z":""},{"i":"710204","n":"盐埕区","a":"盐埕区","y":"YanChengQu","b":"YCQ","z":""},{"i":"710205","n":"鼓山区","a":"鼓山区","y":"GuShanQu","b":"GSQ","z":""},{"i":"710206","n":"旗津区","a":"旗津区","y":"QiJinQu","b":"QJQ","z":""},{"i":"710207","n":"前镇区","a":"前镇区","y":"QianZhenQu","b":"QZQ","z":""},{"i":"710208","n":"三民区","a":"三民区","y":"SanMinQu","b":"SMQ","z":""},{"i":"710209","n":"左营区","a":"左营区","y":"ZuoYingQu","b":"ZYQ","z":""},{"i":"710210","n":"楠梓区","a":"楠梓区","y":"NanZiQu","b":"NZQ","z":""},{"i":"710211","n":"小港区","a":"小港区","y":"XiaoGangQu","b":"XGQ","z":""}]},{"i":"710300","n":"台南市","a":"台南","y":"TaiNan","b":"TN","z":"","c":[{"i":"710301","n":"中西区","a":"中西区","y":"ZhongXiQu","b":"ZXQ","z":""},{"i":"710302","n":"东区","a":"东区","y":"DongQu","b":"DQ","z":""},{"i":"710303","n":"南区","a":"南区","y":"NanQu","b":"NQ","z":""},{"i":"710304","n":"北区","a":"北区","y":"BeiQu","b":"BQ","z":""},{"i":"710305","n":"安平区","a":"安平区","y":"AnPingQu","b":"APQ","z":""},{"i":"710306","n":"安南区","a":"安南区","y":"AnNanQu","b":"ANQ","z":""}]},{"i":"710400","n":"台中市","a":"台中","y":"TaiZhong","b":"TZ","z":"","c":[{"i":"710401","n":"中区","a":"中区","y":"ZhongQu","b":"ZQ","z":""},{"i":"710402","n":"东区","a":"东区","y":"DongQu","b":"DQ","z":""},{"i":"710403","n":"南区","a":"南区","y":"NanQu","b":"NQ","z":""},{"i":"710404","n":"西区","a":"西区","y":"XiQu","b":"XQ","z":""},{"i":"710405","n":"北区","a":"北区","y":"BeiQu","b":"BQ","z":""},{"i":"710406","n":"北屯区","a":"北屯区","y":"BeiTunQu","b":"BTQ","z":""},{"i":"710407","n":"西屯区","a":"西屯区","y":"XiTunQu","b":"XTQ","z":""},{"i":"710408","n":"南屯区","a":"南屯区","y":"NanTunQu","b":"NTQ","z":""}]},{"i":"710500","n":"金门县","a":"金门","y":"JinMen","b":"JM","z":""},{"i":"710600","n":"南投县","a":"南投","y":"NanTou","b":"NT","z":""},{"i":"710700","n":"基隆市","a":"基隆","y":"JiLong","b":"JL","z":"","c":[{"i":"710701","n":"仁爱区","a":"仁爱区","y":"RenAiQu","b":"RAQ","z":""},{"i":"710702","n":"信义区","a":"信义区","y":"XinYiQu","b":"XYQ","z":""},{"i":"710703","n":"中正区","a":"中正区","y":"ZhongZhengQu","b":"ZZQ","z":""},{"i":"710704","n":"中山区","a":"中山区","y":"ZhongShanQu","b":"ZSQ","z":""},{"i":"710705","n":"安乐区","a":"安乐区","y":"AnLeQu","b":"ALQ","z":""},{"i":"710706","n":"暖暖区","a":"暖暖区","y":"NuanNuanQu","b":"NNQ","z":""},{"i":"710707","n":"七堵区","a":"七堵区","y":"QiDuQu","b":"QDQ","z":""}]},{"i":"710800","n":"新竹市","a":"新竹","y":"XinZhu","b":"XZ","z":"","c":[{"i":"710801","n":"东区","a":"东区","y":"DongQu","b":"DQ","z":""},{"i":"710802","n":"北区","a":"北区","y":"BeiQu","b":"BQ","z":""},{"i":"710803","n":"香山区","a":"香山区","y":"XiangShanQu","b":"XSQ","z":""}]},{"i":"710900","n":"嘉义市","a":"嘉义","y":"JiaYi","b":"JY","z":"","c":[{"i":"710901","n":"东区","a":"东区","y":"DongQu","b":"DQ","z":""},{"i":"710902","n":"西区","a":"西区","y":"XiQu","b":"XQ","z":""}]},{"i":"711100","n":"新北市","a":"新北","y":"XinBei","b":"XB","z":""},{"i":"711200","n":"宜兰县","a":"宜兰","y":"YiLan","b":"YL","z":""},{"i":"711300","n":"新竹县","a":"新竹","y":"XinZhu","b":"XZ","z":""},{"i":"711400","n":"桃园县","a":"桃园","y":"TaoYuan","b":"TY","z":""},{"i":"711500","n":"苗栗县","a":"苗栗","y":"MiaoLi","b":"ML","z":""},{"i":"711700","n":"彰化县","a":"彰化","y":"ZhangHua","b":"ZH","z":""},{"i":"711900","n":"嘉义县","a":"嘉义","y":"JiaYi","b":"JY","z":""},{"i":"712100","n":"云林县","a":"云林","y":"YunLin","b":"YL","z":""},{"i":"712400","n":"屏东县","a":"屏东","y":"PingDong","b":"PD","z":""},{"i":"712500","n":"台东县","a":"台东","y":"TaiDong","b":"TD","z":""},{"i":"712600","n":"花莲县","a":"花莲","y":"HuaLian","b":"HL","z":""},{"i":"712700","n":"澎湖县","a":"澎湖","y":"PengHu","b":"PH","z":""}]