[{"i":"810100","n":"香港岛","a":"香港岛","y":"XiangGangDao","b":"XGD","z":"","c":[{"i":"810101","n":"中西区","a":"中西区","y":"ZhongXiQu","b":"ZXQ","z":""},{"i":"810102","n":"湾仔","a":"湾仔","y":"WanZi","b":"WZ","z":""},{"i":"810103","n":"东区","a":"东区","y":"DongQu","b":"DQ","z":""},{"i":"810104","n":"南区","a":"南区","y":"NanQu","b":"NQ","z":""}]},{"i":"810200","n":"九龙","a":"九龙","y":"JiuLong","b":"JL","z":"","c":[{"i":"810201","n":"九龙城区","a":"九龙城区","y":"JiuLongChengQu","b":"JLCQ","z":""},{"i":"810202","n":"油尖旺区","a":"油尖旺区","y":"YouJianWangQu","b":"YJWQ","z":""},{"i":"810203","n":"深水埗区","a":"深水埗区","y":"ShenShuiBuQu","b":"SSBQ","z":""},{"i":"810204","n":"黄大仙区","a":"黄大仙区","y":"HuangDaXianQu","b":"HDXQ","z":""},{"i":"810205","n":"观塘区","a":"观塘区","y":"GuanTangQu","b":"GTQ","z":""}]},{"i":"810300","n":"新界","a":"新界","y":"XinJie","b":"XJ","z":"","c":[{"i":"810301","n":"北区","a":"北区","y":"BeiQu","b":"BQ","z":""},{"i":"810302","n":"大埔区","a":"大埔区","y":"DaBuQu","b":"DBQ","z":""},{"i":"810303","n":"沙田区","a":"沙田区","y":"ShaTianQu","b":"STQ","z":""},{"i":"810304","n":"西贡区","a":"西贡区","y":"XiGongQu","b":"XGQ","z":""},{"i":"810305","n":"元朗区","a":"元朗区","y":"YuanLangQu","b":"YLQ","z":""},{"i":"810306","n":"屯门区","a":"屯门区","y":"TunMenQu","b":"TMQ","z":""},{"i":"810307","n":"荃湾区","a":"荃湾区","y":"QuanWanQu","b":"QWQ","z":""},{"i":"810308","n":"葵青区","a":"葵青区","y":"KuiQingQu","b":"KQQ","z":""},{"i":"810309","n":"离岛区","a":"离岛区","y":"LiDaoQu","b":"LDQ","z":""}]}]